-- MySQL dump 10.13  Distrib 5.7.27, for Linux (x86_64)
--
-- Host: localhost    Database: smartTrainingDB
-- ------------------------------------------------------
-- Server version	5.7.27-0ubuntu0.16.04.1

/*!40101 SET @OLD_CHARACTER_SET_CLIENT=@@CHARACTER_SET_CLIENT */;
/*!40101 SET @OLD_CHARACTER_SET_RESULTS=@@CHARACTER_SET_RESULTS */;
/*!40101 SET @OLD_COLLATION_CONNECTION=@@COLLATION_CONNECTION */;
/*!40101 SET NAMES utf8 */;
/*!40103 SET @OLD_TIME_ZONE=@@TIME_ZONE */;
/*!40103 SET TIME_ZONE='+00:00' */;
/*!40014 SET @OLD_UNIQUE_CHECKS=@@UNIQUE_CHECKS, UNIQUE_CHECKS=0 */;
/*!40014 SET @OLD_FOREIGN_KEY_CHECKS=@@FOREIGN_KEY_CHECKS, FOREIGN_KEY_CHECKS=0 */;
/*!40101 SET @OLD_SQL_MODE=@@SQL_MODE, SQL_MODE='NO_AUTO_VALUE_ON_ZERO' */;
/*!40111 SET @OLD_SQL_NOTES=@@SQL_NOTES, SQL_NOTES=0 */;

--
-- Table structure for table `country`
--

DROP TABLE IF EXISTS `country`;
/*!40101 SET @saved_cs_client     = @@character_set_client */;
/*!40101 SET character_set_client = utf8 */;
CREATE TABLE `country` (
  `idcountry` int(11) NOT NULL,
  `name` varchar(45) NOT NULL,
  `createdCountry` datetime NOT NULL,
  `modifiedCountry` datetime NOT NULL,
  PRIMARY KEY (`idcountry`)
) ENGINE=InnoDB DEFAULT CHARSET=utf8;
/*!40101 SET character_set_client = @saved_cs_client */;

--
-- Dumping data for table `country`
--

LOCK TABLES `country` WRITE;
/*!40000 ALTER TABLE `country` DISABLE KEYS */;
INSERT INTO `country` VALUES (1,'CHILE','2019-11-18 16:06:28','2019-11-18 16:13:32'),(2,'EEUU','2018-12-16 23:09:00','2018-12-16 23:09:00');
/*!40000 ALTER TABLE `country` ENABLE KEYS */;
UNLOCK TABLES;

--
-- Table structure for table `dataSet`
--

DROP TABLE IF EXISTS `dataSet`;
/*!40101 SET @saved_cs_client     = @@character_set_client */;
/*!40101 SET character_set_client = utf8 */;
CREATE TABLE `dataSet` (
  `iddataSet` int(11) NOT NULL AUTO_INCREMENT,
  `nameDataSet` varchar(45) NOT NULL,
  `createdDataSet` datetime NOT NULL,
  `modifiedDataSet` datetime NOT NULL,
  `user` int(11) NOT NULL,
  `tipoDataSet` varchar(45) NOT NULL,
  `job` int(11) NOT NULL,
  PRIMARY KEY (`iddataSet`),
  KEY `fk_dataSet_user_idx` (`user`),
  CONSTRAINT `fk_dataSet_user` FOREIGN KEY (`user`) REFERENCES `user` (`iduser`) ON DELETE CASCADE ON UPDATE CASCADE
) ENGINE=InnoDB AUTO_INCREMENT=1575687099 DEFAULT CHARSET=utf8;
/*!40101 SET character_set_client = @saved_cs_client */;

--
-- Dumping data for table `dataSet`
--

LOCK TABLES `dataSet` WRITE;
/*!40000 ALTER TABLE `dataSet` DISABLE KEYS */;
INSERT INTO `dataSet` VALUES (1574208799,'iris.csv','2019-11-19 21:13:19','2019-11-19 21:13:19',1574208448,'CLUSTERING',1574208799),(1574208864,'iris.csv','2019-11-19 21:14:24','2019-11-19 21:14:24',1574208448,'CLUSTERING',1574208864),(1574213565,'iris.csv','2019-11-19 22:32:45','2019-11-19 22:32:45',1574208448,'CLUSTERING',1574213565),(1574214516,'iris.csv','2019-11-19 22:48:36','2019-11-19 22:48:36',1574208448,'CLUSTERING',1574214516),(1574214557,'iris.csv','2019-11-19 22:49:17','2019-11-19 22:49:17',1574208448,'CLUSTERING',1574214557),(1574215204,'iris.csv','2019-11-19 23:00:04','2019-11-19 23:00:04',1574208448,'CLUSTERING',1574215204),(1574215334,'iris.csv','2019-11-19 23:02:15','2019-11-19 23:02:15',1574208448,'CLUSTERING',1574215334),(1574215949,'iris.csv','2019-11-19 23:12:29','2019-11-19 23:12:29',1574208448,'CLUSTERING',1574215949),(1574216049,'iris.csv','2019-11-19 23:14:10','2019-11-19 23:14:10',1574208448,'CLUSTERING',1574216049),(1574216186,'iris.csv','2019-11-19 23:16:26','2019-11-19 23:16:26',1574208448,'CLUSTERING',1574216186),(1574216633,'iris.csv','2019-11-19 23:23:53','2019-11-19 23:23:53',1574208448,'CLUSTERING',1574216633),(1574216709,'iris.csv','2019-11-19 23:25:09','2019-11-19 23:25:09',1574208448,'CLUSTERING',1574216709),(1574269348,'iris.csv','2019-11-20 14:02:29','2019-11-20 14:02:29',1574208448,'STATISTICAL',1574269348),(1574269412,'iris.csv','2019-11-20 14:03:32','2019-11-20 14:03:32',1574208448,'STATISTICAL',1574269412),(1574269438,'iris.csv','2019-11-20 14:03:58','2019-11-20 14:03:58',1574208448,'STATISTICAL',1574269438),(1574271159,'iris.csv','2019-11-20 14:32:39','2019-11-20 14:32:39',1574208448,'STATISTICAL',1574271159),(1574271254,'iris.csv','2019-11-20 14:34:15','2019-11-20 14:34:15',1574208448,'STATISTICAL',1574271254),(1574271407,'iris.csv','2019-11-20 14:36:47','2019-11-20 14:36:47',1574208448,'STATISTICAL',1574271407),(1574275190,'iris.csv','2019-11-20 15:39:50','2019-11-20 15:39:50',1574208448,'STATISTICAL',1574275190),(1574275239,'iris.csv','2019-11-20 15:40:39','2019-11-20 15:40:39',1574208448,'STATISTICAL',1574275239),(1574275297,'iris.csv','2019-11-20 15:41:39','2019-11-20 15:41:39',1574208448,'STATISTICAL',1574275297),(1574275333,'iris.csv','2019-11-20 15:42:13','2019-11-20 15:42:13',1574208448,'STATISTICAL',1574275333),(1574275360,'iris.csv','2019-11-20 15:42:40','2019-11-20 15:42:40',1574208448,'STATISTICAL',1574275360),(1574281122,'iris.csv','2019-11-20 17:18:42','2019-11-20 17:18:42',1574208448,'CORRELATION',1574281122),(1574281189,'iris.csv','2019-11-20 17:19:50','2019-11-20 17:19:50',1574208448,'CORRELATION',1574281189),(1574281245,'iris.csv','2019-11-20 17:20:46','2019-11-20 17:20:46',1574208448,'CORRELATION',1574281245),(1574281628,'iris.csv','2019-11-20 17:27:08','2019-11-20 17:27:08',1574208448,'CORRELATION',1574281628),(1574281774,'iris.csv','2019-11-20 17:29:34','2019-11-20 17:29:34',1574208448,'CORRELATION',1574281774),(1574281869,'iris.csv','2019-11-20 17:31:09','2019-11-20 17:31:09',1574208448,'CORRELATION',1574281869),(1574283739,'iris.csv','2019-11-20 18:02:19','2019-11-20 18:02:19',1574208448,'PCA',1574283739),(1574284941,'iris.csv','2019-11-20 18:22:21','2019-11-20 18:22:21',1574208448,'PCA',1574284941),(1574285130,'iris.csv','2019-11-20 18:25:30','2019-11-20 18:25:30',1574208448,'PCA',1574285130),(1574285207,'iris.csv','2019-11-20 18:26:47','2019-11-20 18:26:47',1574208448,'PCA',1574285207),(1574285291,'iris.csv','2019-11-20 18:28:12','2019-11-20 18:28:12',1574208448,'CORRELATION',1574285291),(1574285725,'iris.csv','2019-11-20 18:35:25','2019-11-20 18:35:25',1574208448,'KERNEL-PCA',1574285725),(1574286298,'iris.csv','2019-11-20 18:44:58','2019-11-20 18:44:58',1574208448,'KERNEL-PCA',1574286298),(1574286568,'iris.csv','2019-11-20 18:49:28','2019-11-20 18:49:28',1574208448,'MUTUAL-INFORMATION',1574286568),(1574286722,'iris.csv','2019-11-20 18:52:02','2019-11-20 18:52:02',1574208448,'PCA-INCREMENTAL',1574286722),(1574510715,'iris.csv','2019-11-23 09:05:16','2019-11-23 09:05:16',1574208448,'LINEAR-MODELS',1574510715),(1574521773,'iris.csv','2019-11-23 12:09:33','2019-11-23 12:09:33',1574208448,'PREDICTION',1574521773),(1574522590,'iris.csv','2019-11-23 12:23:10','2019-11-23 12:23:10',1574208448,'STATISTICAL-ANALYSIS',1574522590),(1574522606,'iris.csv','2019-11-23 12:23:26','2019-11-23 12:23:26',1574208448,'STATISTICAL-ANALYSIS',1574522606),(1574522768,'iris.csv','2019-11-23 12:26:08','2019-11-23 12:26:08',1574208448,'CLASSIFICATION',1574522768),(1574531901,'iris.csv','2019-11-23 14:58:21','2019-11-23 14:58:21',1574208448,'CLASSIFICATION',1574531901),(1574542449,'iris.csv','2019-11-23 17:54:09','2019-11-23 17:54:09',1574208448,'PREDICTION',1574542449),(1574544050,'iris.csv','2019-11-23 18:20:50','2019-11-23 18:20:50',1574208448,'CLASSIFICATION',1574544050),(1574544159,'iris.csv','2019-11-23 18:22:40','2019-11-23 18:22:40',1574208448,'CLASSIFICATION',1574544159),(1574544282,'iris.csv','2019-11-23 18:24:43','2019-11-23 18:24:43',1574208448,'CLASSIFICATION',1574544282),(1574545223,'iris.csv','2019-11-23 18:40:24','2019-11-23 18:40:24',1574208448,'CLASSIFICATION',1574545223),(1574547672,'iris.csv','2019-11-23 19:21:12','2019-11-23 19:21:12',1574208448,'CLASSIFICATION',1574547672),(1574813912,'1A22_SDM.csv','2019-11-26 21:18:32','2019-11-26 21:18:32',1574208448,'STATISTICAL',1574813912),(1574814003,'1A22_SDM.csv','2019-11-26 21:20:03','2019-11-26 21:20:03',1574208448,'STATISTICAL',1574814003),(1574814056,'1A22_SDM.csv','2019-11-26 21:20:56','2019-11-26 21:20:56',1574208448,'SPATIAL',1574814056),(1574815020,'1A22_SDM.csv','2019-11-26 21:37:00','2019-11-26 21:37:00',1574208448,'SPATIAL',1574815020),(1574816416,'1A22_SDM.csv','2019-11-26 22:00:16','2019-11-26 22:00:16',1574208448,'PREDICTION',1574816416),(1574816453,'1A22_SDM.csv','2019-11-26 22:00:54','2019-11-26 22:00:54',1574208448,'PREDICTION',1574816453),(1574816594,'1A22_SDM_clf.csv','2019-11-26 22:03:14','2019-11-26 22:03:14',1574208448,'CLASSIFICATION',1574816594),(1574831146,'1A22_SDM.csv','2019-11-27 02:05:46','2019-11-27 02:05:46',1574208448,'PCA',1574831146),(1574880879,'ImmunotherapyExample_tmp.csv','2019-11-27 15:54:40','2019-11-27 15:54:40',1574208448,'CLASSIFICATION',1574880879),(1574880918,'ImmunotherapyExample_tmp.csv','2019-11-27 15:55:18','2019-11-27 15:55:18',1574208448,'STATISTICAL',1574880918),(1574881159,'ImmunotherapyExample_tmp.csv','2019-11-27 15:59:19','2019-11-27 15:59:19',1574208448,'SPATIAL',1574881159),(1574881238,'ImmunotherapyExample_tmp.csv','2019-11-27 16:00:38','2019-11-27 16:00:38',1574208448,'CLASSIFICATION',1574881238),(1574881280,'ImmunotherapyExample_tmp.csv','2019-11-27 16:01:20','2019-11-27 16:01:20',1574208448,'CLASSIFICATION',1574881280),(1575661333,'ecoli.csv','2019-12-06 16:42:13','2019-12-06 16:42:13',1574208448,'CLUSTERING',1575661333),(1575661389,'ecoli.csv','2019-12-06 16:43:09','2019-12-06 16:43:09',1574208448,'CLUSTERING',1575661389),(1575661429,'ThoraricSurgery.csv','2019-12-06 16:43:50','2019-12-06 16:43:50',1574208448,'CLUSTERING',1575661429),(1575661488,'g27_1.txt','2019-12-06 16:44:48','2019-12-06 16:44:48',1574208448,'CLUSTERING',1575661488),(1575662521,'ThoraricSurgery.csv','2019-12-06 17:02:01','2019-12-06 17:02:01',1574208448,'CLASSIFICATION',1575662521),(1575662986,'ecoli.csv','2019-12-06 17:09:46','2019-12-06 17:09:46',1574208448,'CLASSIFICATION',1575662986),(1575663217,'ThoraricSurgery.csv','2019-12-06 17:13:37','2019-12-06 17:13:37',1574208448,'CLASSIFICATION',1575663217),(1575663282,'transfusion.csv','2019-12-06 17:14:42','2019-12-06 17:14:42',1574208448,'PREDICTION',1575663282),(1575664094,'glucose.csv','2019-12-06 17:28:14','2019-12-06 17:28:14',1574208448,'PREDICTION',1575664094),(1575664136,'glucose.csv','2019-12-06 17:28:56','2019-12-06 17:28:56',1574208448,'LINEAR-MODELS',1575664136),(1575664602,'glucose.csv','2019-12-06 17:36:42','2019-12-06 17:36:42',1574208448,'STATISTICAL',1575664602),(1575664624,'glucose.csv','2019-12-06 17:37:04','2019-12-06 17:37:04',1574208448,'STATISTICAL',1575664624),(1575664645,'glucose.csv','2019-12-06 17:37:25','2019-12-06 17:37:25',1574208448,'STATISTICAL',1575664645),(1575664725,'glucose.csv','2019-12-06 17:38:45','2019-12-06 17:38:45',1574208448,'STATISTICAL',1575664725),(1575664767,'ecoli.csv','2019-12-06 17:39:27','2019-12-06 17:39:27',1574208448,'STATISTICAL',1575664767),(1575664788,'ecoli.csv','2019-12-06 17:39:48','2019-12-06 17:39:48',1574208448,'STATISTICAL',1575664788),(1575664812,'ecoli.csv','2019-12-06 17:40:12','2019-12-06 17:40:12',1574208448,'STATISTICAL',1575664812),(1575664853,'ecoli.csv','2019-12-06 17:40:53','2019-12-06 17:40:53',1574208448,'CORRELATION',1575664853),(1575664878,'ecoli.csv','2019-12-06 17:41:18','2019-12-06 17:41:18',1574208448,'SPATIAL',1575664878),(1575664902,'ecoli.csv','2019-12-06 17:41:42','2019-12-06 17:41:42',1574208448,'PCA',1575664902),(1575664944,'ecoli.csv','2019-12-06 17:42:25','2019-12-06 17:42:25',1574208448,'MUTUAL-INFORMATION',1575664944),(1575683612,'ecoli.csv','2019-12-06 22:53:32','2019-12-06 22:53:32',1574208448,'queue-CLASSIFICATION',1575683612),(1575683627,'ecoli.csv','2019-12-06 22:53:47','2019-12-06 22:53:47',1574208448,'queue-CLUSTERING',1575683627),(1575683834,'glucose.csv','2019-12-06 22:57:14','2019-12-06 22:57:14',1574208448,'queue-PREDICTION',1575683834),(1575687098,'glucose.csv','2019-12-06 23:51:38','2019-12-06 23:51:38',1574208448,'CLUSTERING',1575687098);
/*!40000 ALTER TABLE `dataSet` ENABLE KEYS */;
UNLOCK TABLES;

--
-- Table structure for table `feature`
--

DROP TABLE IF EXISTS `feature`;
/*!40101 SET @saved_cs_client     = @@character_set_client */;
/*!40101 SET character_set_client = utf8 */;
CREATE TABLE `feature` (
  `idfeature` int(11) NOT NULL AUTO_INCREMENT,
  `nameFeature` varchar(45) NOT NULL,
  `kind` varchar(45) NOT NULL,
  `dataSet` int(11) NOT NULL,
  PRIMARY KEY (`idfeature`),
  KEY `fk_feature_dataSet1_idx` (`dataSet`),
  CONSTRAINT `fk_feature_dataSet1` FOREIGN KEY (`dataSet`) REFERENCES `dataSet` (`iddataSet`) ON DELETE CASCADE ON UPDATE CASCADE
) ENGINE=InnoDB AUTO_INCREMENT=10424 DEFAULT CHARSET=utf8;
/*!40101 SET character_set_client = @saved_cs_client */;

--
-- Dumping data for table `feature`
--

LOCK TABLES `feature` WRITE;
/*!40000 ALTER TABLE `feature` DISABLE KEYS */;
INSERT INTO `feature` VALUES (10065,'sepal.length','CONTINUA',1574269348),(10066,'sepal.width','CONTINUA',1574269348),(10067,'petal.length','CONTINUA',1574269348),(10068,'petal.width','CONTINUA',1574269348),(10069,'variety','DISCRETA',1574269348),(10070,'eval','DISCRETA',1574269348),(10071,'sepal.length','CONTINUA',1574269412),(10072,'sepal.width','CONTINUA',1574269412),(10073,'petal.length','CONTINUA',1574269412),(10074,'petal.width','CONTINUA',1574269412),(10075,'variety','DISCRETA',1574269412),(10076,'eval','DISCRETA',1574269412),(10077,'sepal.length','CONTINUA',1574269438),(10078,'sepal.width','CONTINUA',1574269438),(10079,'petal.length','CONTINUA',1574269438),(10080,'petal.width','CONTINUA',1574269438),(10081,'variety','DISCRETA',1574269438),(10082,'eval','DISCRETA',1574269438),(10083,'sepal.length','CONTINUA',1574271159),(10084,'sepal.width','CONTINUA',1574271159),(10085,'petal.length','CONTINUA',1574271159),(10086,'petal.width','CONTINUA',1574271159),(10087,'variety','DISCRETA',1574271159),(10088,'eval','DISCRETA',1574271159),(10089,'sepal.length','CONTINUA',1574271254),(10090,'sepal.width','CONTINUA',1574271254),(10091,'petal.length','CONTINUA',1574271254),(10092,'petal.width','CONTINUA',1574271254),(10093,'variety','DISCRETA',1574271254),(10094,'eval','DISCRETA',1574271254),(10095,'sepal.length','CONTINUA',1574271407),(10096,'sepal.width','CONTINUA',1574271407),(10097,'petal.length','CONTINUA',1574271407),(10098,'petal.width','CONTINUA',1574271407),(10099,'variety','DISCRETA',1574271407),(10100,'eval','DISCRETA',1574271407),(10101,'sepal.length','CONTINUA',1574275190),(10102,'sepal.width','CONTINUA',1574275190),(10103,'petal.length','CONTINUA',1574275190),(10104,'petal.width','CONTINUA',1574275190),(10105,'variety','DISCRETA',1574275190),(10106,'eval','DISCRETA',1574275190),(10107,'sepal.length','CONTINUA',1574275239),(10108,'sepal.width','CONTINUA',1574275239),(10109,'petal.length','CONTINUA',1574275239),(10110,'petal.width','CONTINUA',1574275239),(10111,'variety','DISCRETA',1574275239),(10112,'eval','DISCRETA',1574275239),(10113,'sepal.length','CONTINUA',1574275297),(10114,'sepal.width','CONTINUA',1574275297),(10115,'petal.length','CONTINUA',1574275297),(10116,'petal.width','CONTINUA',1574275297),(10117,'variety','DISCRETA',1574275297),(10118,'eval','DISCRETA',1574275297),(10119,'sepal.length','CONTINUA',1574275333),(10120,'sepal.width','CONTINUA',1574275333),(10121,'petal.length','CONTINUA',1574275333),(10122,'petal.width','CONTINUA',1574275333),(10123,'variety','DISCRETA',1574275333),(10124,'eval','DISCRETA',1574275333),(10125,'sepal.length','CONTINUA',1574275360),(10126,'sepal.width','CONTINUA',1574275360),(10127,'petal.length','CONTINUA',1574275360),(10128,'petal.width','CONTINUA',1574275360),(10129,'variety','DISCRETA',1574275360),(10130,'eval','DISCRETA',1574275360),(10131,'sepal.length','CONTINUA',1574510715),(10132,'sepal.width','CONTINUA',1574510715),(10133,'petal.length','CONTINUA',1574510715),(10134,'variety','DISCRETA',1574510715),(10135,'eval','DISCRETA',1574510715),(10136,'petal.width','CONTINUA',1574510715),(10137,'sepal.length','CONTINUA',1574521773),(10138,'sepal.width','CONTINUA',1574521773),(10139,'petal.length','CONTINUA',1574521773),(10140,'variety','DISCRETA',1574521773),(10141,'eval','DISCRETA',1574521773),(10142,'petal.width','CONTINUA',1574521773),(10143,'sepal.length','CONTINUA',1574522768),(10144,'sepal.width','CONTINUA',1574522768),(10145,'petal.length','CONTINUA',1574522768),(10146,'variety','DISCRETA',1574522768),(10147,'eval','DISCRETA',1574522768),(10148,'petal.width','CONTINUA',1574522768),(10149,'sepal.length','CONTINUA',1574531901),(10150,'sepal.width','CONTINUA',1574531901),(10151,'petal.length','CONTINUA',1574531901),(10152,'variety','DISCRETA',1574531901),(10153,'eval','DISCRETA',1574531901),(10154,'petal.width','CONTINUA',1574531901),(10155,'sepal.length','CONTINUA',1574542449),(10156,'sepal.width','CONTINUA',1574542449),(10157,'petal.length','CONTINUA',1574542449),(10158,'variety','DISCRETA',1574542449),(10159,'eval','DISCRETA',1574542449),(10160,'petal.width','CONTINUA',1574542449),(10161,'sepal.length','CONTINUA',1574544050),(10162,'sepal.width','CONTINUA',1574544050),(10163,'petal.length','CONTINUA',1574544050),(10164,'variety','DISCRETA',1574544050),(10165,'eval','DISCRETA',1574544050),(10166,'petal.width','CONTINUA',1574544050),(10167,'sepal.length','CONTINUA',1574544159),(10168,'sepal.width','CONTINUA',1574544159),(10169,'petal.length','CONTINUA',1574544159),(10170,'variety','DISCRETA',1574544159),(10171,'eval','DISCRETA',1574544159),(10172,'petal.width','CONTINUA',1574544159),(10173,'sepal.length','CONTINUA',1574544282),(10174,'sepal.width','CONTINUA',1574544282),(10175,'petal.length','CONTINUA',1574544282),(10176,'variety','DISCRETA',1574544282),(10177,'eval','DISCRETA',1574544282),(10178,'petal.width','CONTINUA',1574544282),(10179,'sepal.length','CONTINUA',1574545223),(10180,'sepal.width','CONTINUA',1574545223),(10181,'petal.length','CONTINUA',1574545223),(10182,'variety','DISCRETA',1574545223),(10183,'eval','DISCRETA',1574545223),(10184,'petal.width','CONTINUA',1574545223),(10185,'sepal.length','CONTINUA',1574547672),(10186,'sepal.width','CONTINUA',1574547672),(10187,'petal.length','CONTINUA',1574547672),(10188,'variety','DISCRETA',1574547672),(10189,'eval','DISCRETA',1574547672),(10190,'petal.width','CONTINUA',1574547672),(10191,'AAWT','DISCRETA',1574813912),(10192,'Pos','CONTINUA',1574813912),(10193,'AAMT','DISCRETA',1574813912),(10194,'ChainID','DISCRETA',1574813912),(10195,'WT_SSE','DISCRETA',1574813912),(10196,'WT_RSA','CONTINUA',1574813912),(10197,'WT_DEPTH','CONTINUA',1574813912),(10198,'WT_OSP','CONTINUA',1574813912),(10199,'MT_SSE','DISCRETA',1574813912),(10200,'MT_RSA','CONTINUA',1574813912),(10201,'MT_DEPTH','CONTINUA',1574813912),(10202,'MT_OSP','CONTINUA',1574813912),(10203,'DDG','CONTINUA',1574813912),(10204,'Response','CONTINUA',1574813912),(10205,'AAWT','DISCRETA',1574814003),(10206,'Pos','CONTINUA',1574814003),(10207,'AAMT','DISCRETA',1574814003),(10208,'ChainID','DISCRETA',1574814003),(10209,'WT_SSE','DISCRETA',1574814003),(10210,'WT_RSA','CONTINUA',1574814003),(10211,'WT_DEPTH','CONTINUA',1574814003),(10212,'WT_OSP','CONTINUA',1574814003),(10213,'MT_SSE','DISCRETA',1574814003),(10214,'MT_RSA','CONTINUA',1574814003),(10215,'MT_DEPTH','CONTINUA',1574814003),(10216,'MT_OSP','CONTINUA',1574814003),(10217,'DDG','CONTINUA',1574814003),(10218,'Response','CONTINUA',1574814003),(10219,'AAWT','DISCRETA',1574814056),(10220,'Pos','CONTINUA',1574814056),(10221,'AAMT','DISCRETA',1574814056),(10222,'ChainID','DISCRETA',1574814056),(10223,'WT_SSE','DISCRETA',1574814056),(10224,'WT_RSA','CONTINUA',1574814056),(10225,'WT_DEPTH','CONTINUA',1574814056),(10226,'WT_OSP','CONTINUA',1574814056),(10227,'MT_SSE','DISCRETA',1574814056),(10228,'MT_RSA','CONTINUA',1574814056),(10229,'MT_DEPTH','CONTINUA',1574814056),(10230,'MT_OSP','CONTINUA',1574814056),(10231,'DDG','CONTINUA',1574814056),(10232,'Response','CONTINUA',1574814056),(10233,'AAWT','DISCRETA',1574815020),(10234,'Pos','CONTINUA',1574815020),(10235,'AAMT','DISCRETA',1574815020),(10236,'ChainID','DISCRETA',1574815020),(10237,'WT_SSE','DISCRETA',1574815020),(10238,'WT_RSA','CONTINUA',1574815020),(10239,'WT_DEPTH','CONTINUA',1574815020),(10240,'WT_OSP','CONTINUA',1574815020),(10241,'MT_SSE','DISCRETA',1574815020),(10242,'MT_RSA','CONTINUA',1574815020),(10243,'MT_DEPTH','CONTINUA',1574815020),(10244,'MT_OSP','CONTINUA',1574815020),(10245,'DDG','CONTINUA',1574815020),(10246,'Response','CONTINUA',1574815020),(10247,'AAWT','DISCRETA',1574816416),(10248,'Pos','CONTINUA',1574816416),(10249,'AAMT','DISCRETA',1574816416),(10250,'ChainID','DISCRETA',1574816416),(10251,'WT_SSE','DISCRETA',1574816416),(10252,'WT_RSA','CONTINUA',1574816416),(10253,'WT_DEPTH','CONTINUA',1574816416),(10254,'WT_OSP','CONTINUA',1574816416),(10255,'MT_SSE','DISCRETA',1574816416),(10256,'MT_RSA','CONTINUA',1574816416),(10257,'MT_DEPTH','CONTINUA',1574816416),(10258,'MT_OSP','CONTINUA',1574816416),(10259,'DDG','CONTINUA',1574816416),(10260,'Response','CONTINUA',1574816416),(10261,'AAWT','DISCRETA',1574816453),(10262,'Pos','CONTINUA',1574816453),(10263,'AAMT','DISCRETA',1574816453),(10264,'ChainID','DISCRETA',1574816453),(10265,'WT_SSE','DISCRETA',1574816453),(10266,'WT_RSA','CONTINUA',1574816453),(10267,'WT_DEPTH','CONTINUA',1574816453),(10268,'WT_OSP','CONTINUA',1574816453),(10269,'MT_SSE','DISCRETA',1574816453),(10270,'MT_RSA','CONTINUA',1574816453),(10271,'MT_DEPTH','CONTINUA',1574816453),(10272,'MT_OSP','CONTINUA',1574816453),(10273,'DDG','CONTINUA',1574816453),(10274,'Response','CONTINUA',1574816453),(10275,'AAWT','DISCRETA',1574816594),(10276,'Pos','CONTINUA',1574816594),(10277,'AAMT','DISCRETA',1574816594),(10278,'ChainID','DISCRETA',1574816594),(10279,'WT_SSE','DISCRETA',1574816594),(10280,'WT_RSA','CONTINUA',1574816594),(10281,'WT_DEPTH','CONTINUA',1574816594),(10282,'WT_OSP','CONTINUA',1574816594),(10283,'MT_SSE','DISCRETA',1574816594),(10284,'MT_RSA','CONTINUA',1574816594),(10285,'MT_DEPTH','CONTINUA',1574816594),(10286,'MT_OSP','CONTINUA',1574816594),(10287,'DDG','CONTINUA',1574816594),(10288,'Outcome','DISCRETA',1574816594),(10289,'Unnamed: 0','CONTINUA',1574880879),(10290,'sex','CONTINUA',1574880879),(10291,'age','CONTINUA',1574880879),(10292,'Time','CONTINUA',1574880879),(10293,'Number_of_Warts','CONTINUA',1574880879),(10294,'Type','DISCRETA',1574880879),(10295,'Area','CONTINUA',1574880879),(10296,'induration_diameter','CONTINUA',1574880879),(10297,'sex','CONTINUA',1574880918),(10298,'age','CONTINUA',1574880918),(10299,'Time','CONTINUA',1574880918),(10300,'Number_of_Warts','CONTINUA',1574880918),(10301,'Type','DISCRETA',1574880918),(10302,'Area','CONTINUA',1574880918),(10303,'induration_diameter','CONTINUA',1574880918),(10304,'sex','CONTINUA',1574881159),(10305,'age','CONTINUA',1574881159),(10306,'Time','CONTINUA',1574881159),(10307,'Number_of_Warts','CONTINUA',1574881159),(10308,'Type','DISCRETA',1574881159),(10309,'Area','CONTINUA',1574881159),(10310,'induration_diameter','CONTINUA',1574881159),(10311,'sex','CONTINUA',1574881238),(10312,'age','CONTINUA',1574881238),(10313,'Time','CONTINUA',1574881238),(10314,'Number_of_Warts','CONTINUA',1574881238),(10315,'Type','DISCRETA',1574881238),(10316,'Area','CONTINUA',1574881238),(10317,'induration_diameter','CONTINUA',1574881238),(10318,'sex','CONTINUA',1574881280),(10319,'age','CONTINUA',1574881280),(10320,'Time','CONTINUA',1574881280),(10321,'Number_of_Warts','CONTINUA',1574881280),(10322,'Type','DISCRETA',1574881280),(10323,'Area','CONTINUA',1574881280),(10324,'induration_diameter','CONTINUA',1574881280),(10325,'class','DISCRETA',1575662521),(10326,'c2','CONTINUA',1575662521),(10327,'c3','CONTINUA',1575662521),(10328,'c4','DISCRETA',1575662521),(10329,'c5','DISCRETA',1575662521),(10330,'c6','DISCRETA',1575662521),(10331,'c7','DISCRETA',1575662521),(10332,'c8','DISCRETA',1575662521),(10333,'c9','DISCRETA',1575662521),(10334,'c10','DISCRETA',1575662521),(10335,'c11','DISCRETA',1575662521),(10336,'c12','DISCRETA',1575662521),(10337,'c13','DISCRETA',1575662521),(10338,'c14','DISCRETA',1575662521),(10339,'c15','DISCRETA',1575662521),(10340,'c16','CONTINUA',1575662521),(10341,'c17','DISCRETA',1575662521),(10342,'c2','CONTINUA',1575662986),(10343,'c3','CONTINUA',1575662986),(10344,'c6','CONTINUA',1575662986),(10345,'c7','CONTINUA',1575662986),(10346,'c8','CONTINUA',1575662986),(10347,'c9','DISCRETA',1575662986),(10348,'class','DISCRETA',1575663217),(10349,'c2','CONTINUA',1575663217),(10350,'c3','CONTINUA',1575663217),(10351,'c4','DISCRETA',1575663217),(10352,'c5','DISCRETA',1575663217),(10353,'c6','DISCRETA',1575663217),(10354,'c7','DISCRETA',1575663217),(10355,'c8','DISCRETA',1575663217),(10356,'c9','DISCRETA',1575663217),(10357,'c10','DISCRETA',1575663217),(10358,'c11','DISCRETA',1575663217),(10359,'c12','DISCRETA',1575663217),(10360,'c13','DISCRETA',1575663217),(10361,'c14','DISCRETA',1575663217),(10362,'c15','DISCRETA',1575663217),(10363,'c16','CONTINUA',1575663217),(10364,'c17','DISCRETA',1575663217),(10365,'c1','CONTINUA',1575663282),(10366,'c2','CONTINUA',1575663282),(10367,'c3','CONTINUA',1575663282),(10368,'c4','CONTINUA',1575663282),(10369,'c5','CONTINUA',1575663282),(10370,'G0','CONTINUA',1575664094),(10371,'G30','CONTINUA',1575664094),(10372,'G60','CONTINUA',1575664094),(10373,'G90','CONTINUA',1575664094),(10374,'G120','CONTINUA',1575664094),(10375,'G0','CONTINUA',1575664136),(10376,'G30','CONTINUA',1575664136),(10377,'G60','CONTINUA',1575664136),(10378,'G90','CONTINUA',1575664136),(10379,'G120','CONTINUA',1575664136),(10380,'G0','CONTINUA',1575664602),(10381,'G30','CONTINUA',1575664602),(10382,'G60','CONTINUA',1575664602),(10383,'G90','CONTINUA',1575664602),(10384,'G120','CONTINUA',1575664602),(10385,'G0','CONTINUA',1575664624),(10386,'G30','CONTINUA',1575664624),(10387,'G60','CONTINUA',1575664624),(10388,'G90','CONTINUA',1575664624),(10389,'G120','CONTINUA',1575664624),(10390,'G0','CONTINUA',1575664645),(10391,'G30','CONTINUA',1575664645),(10392,'G60','CONTINUA',1575664645),(10393,'G90','CONTINUA',1575664645),(10394,'G120','CONTINUA',1575664645),(10395,'G0','CONTINUA',1575664725),(10396,'G30','CONTINUA',1575664725),(10397,'G60','CONTINUA',1575664725),(10398,'G90','CONTINUA',1575664725),(10399,'G120','CONTINUA',1575664725),(10400,'c2','CONTINUA',1575664767),(10401,'c3','CONTINUA',1575664767),(10402,'c6','CONTINUA',1575664767),(10403,'c7','CONTINUA',1575664767),(10404,'c8','CONTINUA',1575664767),(10405,'c9','DISCRETA',1575664767),(10406,'c2','CONTINUA',1575664788),(10407,'c3','CONTINUA',1575664788),(10408,'c6','CONTINUA',1575664788),(10409,'c7','CONTINUA',1575664788),(10410,'c8','CONTINUA',1575664788),(10411,'c9','DISCRETA',1575664788),(10412,'c2','CONTINUA',1575664812),(10413,'c3','CONTINUA',1575664812),(10414,'c6','CONTINUA',1575664812),(10415,'c7','CONTINUA',1575664812),(10416,'c8','CONTINUA',1575664812),(10417,'c9','DISCRETA',1575664812),(10418,'c2','CONTINUA',1575664878),(10419,'c3','CONTINUA',1575664878),(10420,'c6','CONTINUA',1575664878),(10421,'c7','CONTINUA',1575664878),(10422,'c8','CONTINUA',1575664878),(10423,'c9','DISCRETA',1575664878);
/*!40000 ALTER TABLE `feature` ENABLE KEYS */;
UNLOCK TABLES;

--
-- Table structure for table `institution`
--

DROP TABLE IF EXISTS `institution`;
/*!40101 SET @saved_cs_client     = @@character_set_client */;
/*!40101 SET character_set_client = utf8 */;
CREATE TABLE `institution` (
  `idinstitution` int(11) NOT NULL,
  `nameInstitution` varchar(45) NOT NULL,
  `createdInstitution` datetime NOT NULL,
  `modifiedInstitution` datetime NOT NULL,
  `country` int(11) NOT NULL,
  PRIMARY KEY (`idinstitution`),
  KEY `fk_institution_country_idx` (`country`),
  CONSTRAINT `fk_institution_country` FOREIGN KEY (`country`) REFERENCES `country` (`idcountry`) ON DELETE CASCADE ON UPDATE CASCADE
) ENGINE=InnoDB DEFAULT CHARSET=utf8;
/*!40101 SET character_set_client = @saved_cs_client */;

--
-- Dumping data for table `institution`
--

LOCK TABLES `institution` WRITE;
/*!40000 ALTER TABLE `institution` DISABLE KEYS */;
INSERT INTO `institution` VALUES (1,'CeBiB CHILE','2019-11-18 19:48:56','2019-11-18 20:18:30',1),(2,'DIQBT','2019-11-18 20:12:26','2019-11-18 20:12:26',1),(1574121420,'CeBiB','2019-11-18 20:57:00','2019-11-18 20:57:00',1);
/*!40000 ALTER TABLE `institution` ENABLE KEYS */;
UNLOCK TABLES;

--
-- Table structure for table `job`
--

DROP TABLE IF EXISTS `job`;
/*!40101 SET @saved_cs_client     = @@character_set_client */;
/*!40101 SET character_set_client = utf8 */;
CREATE TABLE `job` (
  `idjob` int(11) NOT NULL AUTO_INCREMENT,
  `nameJob` varchar(45) NOT NULL,
  `descriptionJob` varchar(450) NOT NULL,
  `createdJob` datetime NOT NULL,
  `modifiedJob` datetime NOT NULL,
  `user` int(11) NOT NULL,
  `nameDataset` varchar(450) NOT NULL,
  `statusJob` varchar(45) NOT NULL,
  `tipo_job` varchar(45) NOT NULL,
  `algorithms` varchar(45) DEFAULT NULL,
  PRIMARY KEY (`idjob`),
  KEY `fk_job_user1_idx` (`user`),
  CONSTRAINT `fk_job_user1` FOREIGN KEY (`user`) REFERENCES `user` (`iduser`) ON DELETE CASCADE ON UPDATE CASCADE
) ENGINE=InnoDB AUTO_INCREMENT=1575687099 DEFAULT CHARSET=utf8;
/*!40101 SET character_set_client = @saved_cs_client */;

--
-- Dumping data for table `job`
--

LOCK TABLES `job` WRITE;
/*!40000 ALTER TABLE `job` DISABLE KEYS */;
INSERT INTO `job` VALUES (1574544282,'123','123','2019-11-23 18:24:42','2019-11-23 18:24:52',1574208448,'iris.csv','FINISH','CLASSIFICATION','-'),(1574545223,'123','123','2019-11-23 18:40:23','2019-11-23 18:40:34',1574208448,'iris.csv','FINISH','CLASSIFICATION','-'),(1574547672,'123','123','2019-11-23 19:21:12','2019-11-23 19:21:25',1574208448,'iris.csv','FINISH','CLASSIFICATION','-'),(1574813912,'123','123','2019-11-26 21:18:32','2019-11-26 21:18:32',1574208448,'1A22_SDM.csv','FINISH','DISTRIBUTION','-'),(1574814003,'123','123','2019-11-26 21:20:03','2019-11-26 21:20:03',1574208448,'1A22_SDM.csv','FINISH','DISTRIBUTION','-'),(1574814056,'123','123','2019-11-26 21:20:56','2019-11-26 21:35:43',1574208448,'1A22_SDM.csv','FINISH','SPATIAL DEFORMATION','-'),(1574815020,'123','123','2019-11-26 21:37:00','2019-11-26 21:37:06',1574208448,'1A22_SDM.csv','FINISH','SPATIAL DEFORMATION','-'),(1574816416,'123','123','2019-11-26 22:00:16','2019-11-26 22:00:29',1574208448,'1A22_SDM.csv','FINISH','PREDICTION','-'),(1574816453,'123','123','2019-11-26 22:00:53','2019-11-26 22:02:27',1574208448,'1A22_SDM.csv','FINISH','PREDICTION','-'),(1574816594,'123','123','2019-11-26 22:03:14','2019-11-26 22:05:32',1574208448,'1A22_SDM_clf.csv','FINISH','CLASSIFICATION','-'),(1574831146,'123','123','2019-11-27 02:05:46','2019-11-27 02:05:54',1574208448,'1A22_SDM.csv','FINISH','PCA','-'),(1574880879,'123','123','2019-11-27 15:54:39','2019-11-27 15:54:39',1574208448,'ImmunotherapyExample_tmp.csv','FINISH','CLASSIFICATION','-'),(1574880918,'123','123','2019-11-27 15:55:18','2019-11-27 15:55:18',1574208448,'ImmunotherapyExample_tmp.csv','FINISH','FREQUENCE','-'),(1574881159,'123','123','2019-11-27 15:59:19','2019-11-27 15:59:39',1574208448,'ImmunotherapyExample_tmp.csv','FINISH','SPATIAL DEFORMATION','-'),(1574881238,'123','123','2019-11-27 16:00:38','2019-11-27 16:01:01',1574208448,'ImmunotherapyExample_tmp.csv','FINISH','CLASSIFICATION','-'),(1574881280,'123','123','2019-11-27 16:01:20','2019-11-27 16:01:28',1574208448,'ImmunotherapyExample_tmp.csv','FINISH','CLASSIFICATION','-'),(1575661333,'123','123','2019-12-06 16:42:13','2019-12-06 16:42:40',1574208448,'ecoli.csv','FINISH','CLUSTERING K-MEANS','-'),(1575661389,'123','123','2019-12-06 16:43:09','2019-12-06 16:43:11',1574208448,'ecoli.csv','FINISH','CLUSTERING BIRCH','-'),(1575661429,'123','123','2019-12-06 16:43:49','2019-12-06 16:43:51',1574208448,'ThoraricSurgery.csv','FINISH','CLUSTERING K-MEANS','-'),(1575661488,'123','123','2019-12-06 16:44:48','2019-12-06 16:52:05',1574208448,'g27_1.txt','ERROR','CLUSTERING K-MEANS','-'),(1575662521,'123','123','2019-12-06 17:02:01','2019-12-06 17:02:20',1574208448,'ThoraricSurgery.csv','FINISH','CLASSIFICATION','-'),(1575662986,'123','123','2019-12-06 17:09:46','2019-12-06 17:10:00',1574208448,'ecoli.csv','FINISH','CLASSIFICATION','-'),(1575663217,'123','123','2019-12-06 17:13:37','2019-12-06 17:13:49',1574208448,'ThoraricSurgery.csv','FINISH','CLASSIFICATION','-'),(1575663282,'123','123','2019-12-06 17:14:42','2019-12-06 17:15:04',1574208448,'transfusion.csv','FINISH','PREDICTION','-'),(1575664094,'123','123','2019-12-06 17:28:14','2019-12-06 17:28:22',1574208448,'glucose.csv','FINISH','PREDICTION','-'),(1575664136,'123','123','2019-12-06 17:28:56','2019-12-06 17:29:02',1574208448,'glucose.csv','FINISH','LINEAR-MODELS','-'),(1575664602,'123','123','2019-12-06 17:36:42','2019-12-06 17:36:42',1574208448,'glucose.csv','FINISH','DISTRIBUTION','-'),(1575664624,'123','123','2019-12-06 17:37:04','2019-12-06 17:37:05',1574208448,'glucose.csv','FINISH','DISPERSION','-'),(1575664645,'123','123','2019-12-06 17:37:25','2019-12-06 17:37:25',1574208448,'glucose.csv','FINISH','VIEW CONTINUOS DATA','-'),(1575664725,'123','123','2019-12-06 17:38:45','2019-12-06 17:38:46',1574208448,'glucose.csv','FINISH','STATISTIC SUMMARY','-'),(1575664767,'123','123','2019-12-06 17:39:27','2019-12-06 17:39:27',1574208448,'ecoli.csv','FINISH','FREQUENCE','-'),(1575664788,'123','123','2019-12-06 17:39:48','2019-12-06 17:39:48',1574208448,'ecoli.csv','FINISH','PARALLEL-COORDINATES','-'),(1575664812,'123','123','2019-12-06 17:40:12','2019-12-06 17:40:12',1574208448,'ecoli.csv','FINISH','SPLOM','-'),(1575664853,'123','123','2019-12-06 17:40:53','2019-12-06 17:41:02',1574208448,'ecoli.csv','FINISH','CORRELATION','-'),(1575664878,'123','123','2019-12-06 17:41:18','2019-12-06 17:41:22',1574208448,'ecoli.csv','FINISH','SPATIAL DEFORMATION','-'),(1575664902,'123|123','123','2019-12-06 17:41:42','2019-12-06 17:41:43',1574208448,'ecoli.csv','FINISH','PCA','-'),(1575664944,'123','123','2019-12-06 17:42:24','2019-12-06 17:42:25',1574208448,'ecoli.csv','FINISH','MUTUAL-INFORMATION','-'),(1575683612,'123','123','2019-12-06 22:53:32','2019-12-06 23:58:59',1574208448,'ecoli.csv','FINISH','queue-CLASSIFICATION','-'),(1575683627,'123','123','2019-12-06 22:53:47','2019-12-07 00:04:06',1574208448,'ecoli.csv','FINISH','queue-CLUSTERING','-'),(1575683834,'123','123','2019-12-06 22:57:14','2019-12-06 23:29:24',1574208448,'glucose.csv','FINISH','queue-PREDICTION','-'),(1575687098,'123','123','2019-12-06 23:51:38','2019-12-06 23:51:40',1574208448,'glucose.csv','FINISH','CLUSTERING K-MEANS','-');
/*!40000 ALTER TABLE `job` ENABLE KEYS */;
UNLOCK TABLES;

--
-- Table structure for table `jobUsedataSet`
--

DROP TABLE IF EXISTS `jobUsedataSet`;
/*!40101 SET @saved_cs_client     = @@character_set_client */;
/*!40101 SET character_set_client = utf8 */;
CREATE TABLE `jobUsedataSet` (
  `job` int(11) NOT NULL,
  `dataSet` int(11) NOT NULL,
  PRIMARY KEY (`job`,`dataSet`),
  KEY `fk_job_has_dataSet_dataSet1_idx` (`dataSet`),
  KEY `fk_job_has_dataSet_job1_idx` (`job`),
  CONSTRAINT `fk_job_has_dataSet_dataSet1` FOREIGN KEY (`dataSet`) REFERENCES `dataSet` (`iddataSet`) ON DELETE CASCADE ON UPDATE CASCADE,
  CONSTRAINT `fk_job_has_dataSet_job1` FOREIGN KEY (`job`) REFERENCES `job` (`idjob`) ON DELETE CASCADE ON UPDATE CASCADE
) ENGINE=InnoDB DEFAULT CHARSET=utf8;
/*!40101 SET character_set_client = @saved_cs_client */;

--
-- Dumping data for table `jobUsedataSet`
--

LOCK TABLES `jobUsedataSet` WRITE;
/*!40000 ALTER TABLE `jobUsedataSet` DISABLE KEYS */;
/*!40000 ALTER TABLE `jobUsedataSet` ENABLE KEYS */;
UNLOCK TABLES;

--
-- Table structure for table `modelo`
--

DROP TABLE IF EXISTS `modelo`;
/*!40101 SET @saved_cs_client     = @@character_set_client */;
/*!40101 SET character_set_client = utf8 */;
CREATE TABLE `modelo` (
  `idmodelo` int(11) NOT NULL,
  `idjob` varchar(45) NOT NULL,
  `createModel` datetime NOT NULL,
  `updateModel` datetime NOT NULL,
  PRIMARY KEY (`idmodelo`)
) ENGINE=InnoDB DEFAULT CHARSET=utf8;
/*!40101 SET character_set_client = @saved_cs_client */;

--
-- Dumping data for table `modelo`
--

LOCK TABLES `modelo` WRITE;
/*!40000 ALTER TABLE `modelo` DISABLE KEYS */;
INSERT INTO `modelo` VALUES (1574547693,'1574547672','2019-11-23 19:21:33','2019-11-23 19:21:33');
/*!40000 ALTER TABLE `modelo` ENABLE KEYS */;
UNLOCK TABLES;

--
-- Table structure for table `user`
--

DROP TABLE IF EXISTS `user`;
/*!40101 SET @saved_cs_client     = @@character_set_client */;
/*!40101 SET character_set_client = utf8 */;
CREATE TABLE `user` (
  `iduser` int(11) NOT NULL AUTO_INCREMENT,
  `nameUser` varchar(45) NOT NULL,
  `password` varchar(45) NOT NULL,
  `emailUser` varchar(45) NOT NULL,
  `statusUser` varchar(45) NOT NULL,
  `createdUser` datetime NOT NULL,
  `modifiedUser` datetime NOT NULL,
  `institution` int(11) NOT NULL,
  `fullName` varchar(450) NOT NULL,
  PRIMARY KEY (`iduser`)
) ENGINE=InnoDB AUTO_INCREMENT=1574208449 DEFAULT CHARSET=utf8;
/*!40101 SET character_set_client = @saved_cs_client */;

--
-- Dumping data for table `user`
--

LOCK TABLES `user` WRITE;
/*!40000 ALTER TABLE `user` DISABLE KEYS */;
INSERT INTO `user` VALUES (1574208448,'dmedina','dmedina','david.medina@cebib.cl','ACCEPTED','2019-11-19 21:07:28','2019-11-19 21:07:36',1574121420,'David Medina');
/*!40000 ALTER TABLE `user` ENABLE KEYS */;
UNLOCK TABLES;
/*!40103 SET TIME_ZONE=@OLD_TIME_ZONE */;

/*!40101 SET SQL_MODE=@OLD_SQL_MODE */;
/*!40014 SET FOREIGN_KEY_CHECKS=@OLD_FOREIGN_KEY_CHECKS */;
/*!40014 SET UNIQUE_CHECKS=@OLD_UNIQUE_CHECKS */;
/*!40101 SET CHARACTER_SET_CLIENT=@OLD_CHARACTER_SET_CLIENT */;
/*!40101 SET CHARACTER_SET_RESULTS=@OLD_CHARACTER_SET_RESULTS */;
/*!40101 SET COLLATION_CONNECTION=@OLD_COLLATION_CONNECTION */;
/*!40111 SET SQL_NOTES=@OLD_SQL_NOTES */;

-- Dump completed on 2019-12-07  0:07:57
