param1,param2,param3,param4,param5,param6,param7,param8,param9,param10,param11,param12,param13,param14,param15,param16
0.423053190176,0.140061325385,0.228396232863,0.846346346346,0.702702702703,0.596705293645,9.9999999778e-08,0.604350277456,0.680673171729,0.0419067191816,0.933830179975,0.707606482887,0.972972972973,0.624078624079,0.243243243243,0.810810810811
0.203877651639,0.0957647404951,0.0540540540541,0.978978978979,0.75393761108,0.707394498092,9.9999999778e-08,0.699710796713,0.906866866867,0.0124097310954,0.7588085103,0.74469872171,0.955812955813,0.632632632633,0.411411411411,0.891891891892
0.758803219463,0.589625201713,0.543036620036,0.014861145338,0.896701299,0.125234505504,0.712287156266,0.317073418596,0.0128593601494,0.81817158524,0.525635829804,0.489432829055,0.257737478159,0.0122122122122,0.422638234565,0.397868456692
0.380908278105,0.817867365693,0.845014213392,0.827878129386,0.764085598601,0.26310415137,0.542850702657,0.206267110074,0.284824284824,0.139954042762,0.191880577304,0.943532251405,0.0784984409145,0.970798384591,0.84579752166,0.48361011614
0.144381223329,0.909031168573,0.886956922793,0.243243243243,0.9999999,0.508518183725,9.9999999778e-08,0.500525408768,0.711885518959,0.0810810810811,0.62651790541,0.638887163025,0.44496570303,0.156156156156,0.628933569331,0.943212566667
0.550509572072,0.351351351351,0.349299794844,0.699764512714,0.225868685303,0.96325136258,0.874250073043,0.899649546877,0.451547560319,0.8206469943,0.918918918919,0.565543869979,0.186668273625,0.920997920998,0.877757456705,0.434614413462
0.712200572666,0.53116536298,0.385545545546,0.444633674771,0.287298878012,0.672906534853,0.742530801937,0.545522149863,0.360511479221,0.447213568709,0.27027027027,0.0952533561229,0.363399858192,0.475475475475,0.766666666667,0.990508219391
0.608671171171,0.260390191516,0.194167337385,0.0958274857772,0.802971776291,0.894491236263,0.970514288879,0.909572746399,0.474376539258,0.724751066856,0.663542663543,0.391891891892,0.272742696472,0.066540224435,0.324324324324,0.233393494611
0.892892892893,0.061607170005,0.223807361738,0.194120872465,0.651586545895,0.734433169124,0.813106511952,0.678501395564,0.356227994023,0.0466755656047,0.9999999,0.879759794949,0.850630745802,0.964464464464,0.621621621622,0.803431636765
0.292560853536,0.184230605524,0.152574122835,0.68567389434,0.505610435727,0.761454771449,0.901758310034,0.859889712287,0.589644953045,0.894838234461,0.535570128549,0.486486486486,0.0981287611722,0.795831976555,0.552576967211,0.788724396912
0.390414927813,0.0395258463377,0.100755477964,0.859977624684,0.931012583581,0.646391115418,0.791006448541,0.76166717899,0.675675675676,0.125575720664,0.756756756757,0.779333789235,0.474146330367,0.697928697929,0.272638492151,0.358974358974
0.761713914218,0.852254132066,0.825333694899,0.506240600562,0.419817891728,0.363396363396,9.9999999778e-08,0.0170728321866,0.0838648808144,0.317197274644,0.123004243486,0.378378378378,0.79358291625,0.444717444717,0.388173408308,0.636232419595
0.511248306647,0.508764196099,0.685569627599,0.36104664221,0.184226331595,0.968570843571,0.855551574302,0.904075979862,0.533180177567,0.835399157547,0.955696527824,0.17690030456,0.45184435033,0.936117936118,0.616683350017,0.54304231873
0.626494474051,0.498702476061,0.422717311907,0.544891781734,0.216216216216,0.108108108108,0.481514896609,0.12082992083,0.0391974345967,0.0565008343341,0.250694067562,0.9999999,0.884042543985,0.261761761762,0.403296913935,0.235941837581
0.0122383242894,0.747065247065,0.594594594595,0.928686441242,0.398212165654,0.641544463676,0.413185581069,0.608952389663,0.127490914675,0.523403599198,0.162162162162,0.680627253638,0.990297990298,0.195195195195,0.149431121262,0.225827464572
0.702702702703,0.515543427196,0.496475440289,0.923591849606,0.70476737409,0.0909871897214,0.518498729372,0.28744133053,0.953704594274,0.749693355327,0.434800039334,0.302125989626,0.184393619319,0.117988956699,0.00280220409045,0.982817186887
0.815802985488,0.476535995455,0.53321463056,0.275274738833,0.535537229277,0.478626450039,0.621621621622,0.348812369221,0.258226871511,0.901410844807,0.489301267079,0.0440663176265,0.965916533818,0.373540206874,0.690275641495,0.454549037226
0.636139969757,0.0860635456337,0.586765400415,0.599230429708,0.0349449180482,0.115983691169,0.599569803607,0.358478137404,0.148142251235,0.0885511175979,0.25609984985,0.970240930108,0.869663031604,0.0907144768531,0.800900900901,0.0684684684685
0.108108108108,0.87457027241,0.950826723598,0.0585257726806,0.562573186229,0.940965519842,0.968009151119,0.953266128148,0.4372001872,0.833105833106,0.490858751728,0.108108108108,0.483749250332,0.211391719588,0.364864864865,0.503866366366
0.582563263764,0.206622487872,0.461535255985,0.727260861664,0.130177091716,0.0851531803913,0.459459459459,0.297297297297,0.454753257576,0.631096613855,0.284856284856,0.396220733268,0.28275086484,0.802302302302,0.139695250806,0.68293867182
0.596689249501,0.805878361865,0.933927570997,0.154854854855,0.366274940045,0.278162235665,0.324324324324,0.0739761240955,0.113090844209,0.0514813344094,0.852220111046,0.916547335821,0.122364789031,0.886977886978,0.456831831832,0.405405405405
0.0910814159885,0.489076554264,0.481583806028,0.579712974079,0.0739305773338,0.00770507970634,0.574664675318,0.322262763379,0.00246792419241,0.145126971679,0.149753527112,0.791155358386,0.983983983984,0.386886886887,0.928830175467,0.756756756757
0.457203192497,0.292430187007,0.208415536901,0.736896896897,0.820715125063,0.493896850794,9.9999999778e-08,0.472047418969,0.941269000093,0.562566667429,0.504256256256,0.125448028674,0.820695050339,0.24822383359,0.268011213631,0.695112015021
0.127137267514,0.850069759824,0.977625217896,0.157174563468,0.396317508402,0.958109624776,0.427486098673,0.828727981713,0.469393273965,0.840430052694,0.840696959523,0.130339585327,0.748840224036,0.57242957243,0.744402630479,0.638809818993
0.631564075432,0.560094365542,0.331532949157,0.687850641339,0.463939205937,0.159872615596,0.430368042461,0.0370219372639,0.019222285297,0.0639235613362,0.181360282815,0.906466337927,0.118047125139,0.258038526331,0.397584250918,0.779601029601
0.965162026942,0.694950602777,0.356210911766,0.610610610611,0.326769534113,0.0221074411072,0.417791614764,0.0320189132739,0.0666097801776,0.965333754807,0.0957146522966,0.400898385823,0.366361654189,0.46441679775,0.842209181659,0.680648946672
0.896879827283,0.663628946866,0.525679093223,0.432432432432,0.437348941649,0.339131983324,0.164914502641,0.0933400019837,0.687786146803,0.57249178128,0.0908700271654,0.0785253338445,0.880880880881,0.286286286286,0.354854854855,0.557732935091
0.051695483987,0.504480063351,0.0462452069201,0.712653881193,0.550462395609,0.997462327192,0.837837837838,0.943643237783,0.32916168831,0.926558137084,0.565318666498,0.424793214267,0.297297297297,0.159865748101,0.901883701884,0.459459459459
0.545538647687,0.400404408412,0.225954680828,0.575258185014,0.422534642266,0.405405405405,9.9999999778e-08,0.255940837978,0.486486486486,0.936083451873,0.370397920857,0.127251933868,0.656488982685,0.208697069162,0.196730063397,0.272418507103
0.72972972973,0.975872040149,0.911412766768,0.413010132435,0.540540540541,0.027027027027,0.567567567568,0.235990921681,0.0469344441967,0.72972972973,0.363781282953,0.115238088211,0.54258106001,0.250390741619,0.987544680531,0.812963078552
0.0619147676205,0.970554850462,0.985235543805,0.029904704062,0.586874377123,0.921797140862,0.931160843272,0.906409215051,0.623943109108,0.788741652294,0.886946850281,0.00237470879673,0.857392061156,0.144963144963,0.287469287469,0.263049478845
0.633842398548,0.834952550549,0.822946504989,0.459459459459,0.110932111566,0.179210347845,0.744636376553,0.299423411266,0.417631031075,0.44466371133,0.877288644153,0.572568043156,0.0689608991496,0.716216216216,0.462364003348,0.385622247762
0.169246314694,0.91612149675,0.928438135575,0.555541705227,0.24815832556,0.547826182524,0.505747399918,0.410380515202,0.275228271412,0.763782427103,0.731757446377,0.441825711968,0.218714041144,0.867117117117,0.0496222718445,0.641096159615
0.766343795675,0.0447651840322,0.0739585170249,0.317011343327,0.806406406406,0.938524339943,0.432432432432,0.913938953166,0.944944944945,0.945945945946,0.938760983205,0.0663520663521,0.788624672447,0.93830672778,0.275013650014,0.667933010149
0.21121383851,0.474114114114,0.282315282315,0.761545988969,0.613773027394,0.746868240272,0.950852330163,0.842798021902,0.722514967798,0.678579882144,0.717238978109,0.636460245597,0.211303482253,0.456946742661,0.454485097342,0.0615732011081
0.557807807808,0.0076003018369,0.531093316943,0.962962962963,0.00707601523592,0.439867323139,0.248131646551,0.476592519334,0.252733738246,0.0196984647095,0.218755064191,0.98590046357,0.829881136366,0.901401401401,0.218269464003,0.798377612585
0.166991734002,0.105650110752,0.164603462314,0.803513658586,0.670921623416,0.901378940701,0.960088784437,0.989993599113,0.535590167917,0.353616013703,0.899188250751,0.211240016995,0.645955515455,0.353808353808,0.0170304702014,0.916074490332
0.186442771886,0.228465214331,0.0636369700073,0.943891434228,0.908931931011,0.758808737411,0.238397344984,0.742377232004,0.918918918919,0.359248137026,0.484378187496,0.277358166247,0.537608404865,0.9999999,0.334167500834,0.238802502328
0.872401750737,0.0467587587588,0.265501309169,0.206345475911,0.923906642366,0.643669145718,0.840395123344,0.685586369659,0.388301393839,0.434458253614,0.400419429051,0.12016176423,0.891891891892,0.933750076607,0.198672356567,0.857538364089
0.599466854675,0.120487220688,0.513513513514,0.464295805652,0.0366619437927,0.0170600571358,0.395593737589,0.341885439446,0.0441918269851,0.734642602802,0.171314398659,0.383171002516,0.663660465577,0.493696227873,0.828115615616,0.896896896897
0.393227187424,0.192027644082,0.334129376177,0.0782483566276,0.513513513514,0.882145183732,0.724798332508,0.857558882134,0.947994290587,0.174537369228,0.65609962847,0.705467844082,0.425303516491,0.127654536257,0.361053361053,0.488623238623
0.594594594595,0.933798375585,0.63874677093,0.783783783784,0.630893706579,0.137999054321,0.37038315688,0.00968401786015,0.299660530095,0.569683575941,0.0687599925211,0.191260384809,0.446736969528,0.17017017017,0.184282643299,0.88407360429
0.333405598111,0.535901819918,0.452022054628,0.744445130584,0.921247499396,0.879819528468,0.793790304555,0.832924213996,0.818383315099,0.535858530214,0.440407559943,0.324324324324,0.486486486486,0.25557472366,0.263092722352,0.400459173059
0.783783783784,0.687930354597,0.813534154998,0.0490606564599,0.289898181265,0.427708105127,9.9999999778e-08,0.311656754794,0.892892892893,0.911689467245,0.575049974964,0.0149364600948,0.506412603974,0.756756756757,0.528378378378,0.845405724768
0.373458824678,0.828604926662,0.913952519615,0.181852440676,0.97758364425,0.422980357407,0.454523887613,0.454533054546,0.346504399136,0.771356050806,0.283247533248,0.368524774775,0.677770587905,0.267813267813,0.946946946947,0.144504504505
0.435194988359,0.633965447152,0.450012553059,0.490919874298,0.808255769582,0.213783032693,0.896892188805,0.639116379712,0.322194909559,0.425279073273,0.734709384649,0.774253378054,0.0881010670314,0.179468942627,0.680235791347,0.862558475069
0.193963193963,0.449616755566,0.51149699373,0.197031877613,0.950753222358,0.720150248933,0.898916924476,0.800911080572,0.110669843408,0.410311262578,0.815772951793,0.179523894756,0.9999999,0.0590130766809,0.923640853969,0.96553349978
0.0242241796178,0.282889106723,0.287506684767,0.759450225453,0.604163169381,0.154424019196,0.665804838719,0.516195046221,0.359327137537,0.985485485485,0.209075121633,0.850189412027,0.0618054236256,0.447174447174,0.579722579723,0.577243709694
0.915964794907,0.693358845571,0.687718435159,0.454559617984,0.140090783662,0.0735028566354,0.530932909846,0.272896709249,0.621621621622,0.896665896666,0.427493883925,0.24048656618,0.439451559013,0.545475708266,0.751807855053,0.585449771379
0.528477766469,0.316791495478,0.351351351351,0.117986006311,0.523049820114,0.815772909182,0.909063028212,0.835231941265,0.641519332838,0.312077064192,0.940990286061,0.348822506717,0.86741685741,0.83048265657,0.120495495495,0.482108775442
0.326797490208,0.95345872188,0.938133694353,0.738983696688,0.842839342839,0.186874504931,0.577538572668,0.0955655348466,0.756756756757,0.0223793897628,0.135135135135,0.975097048268,0.864864864865,0.395431145431,0.228344366466,0.0932165041754
0.137276899541,0.810810810811,0.751793326873,0.906818060664,0.867014467551,0.491261185223,0.763976579642,0.538393508825,0.737170081474,0.971971971972,0.206257010381,0.0589284937111,0.761729085774,0.914025136247,0.167155430137,0.704936417899
0.314449064449,0.196213234511,0.108108108108,0.209146154028,0.707588384149,0.93348328755,0.614510807103,0.918918918919,0.88207007656,0.628821128821,0.437187378754,0.633796347029,0.181574645135,0.329162495829,0.646481811152,0.395422449477
0.73702540715,0.963178653678,0.953798758394,0.528298979608,0.759720311444,0.166831834224,0.736907652925,0.27027027027,0.228365280843,0.468585468585,0.14495851784,0.312212875127,0.531027922332,0.0638820638821,0.518511889373,0.221110448498
0.45172304087,0.722342688782,0.866973356335,0.170137405274,0.0490923938089,0.510725707251,0.171778335713,0.336707836255,0.235753026257,0.933466800133,0.420112619079,0.391891891892,0.621621621622,0.863863863864,0.790950950951,0.314612484825
0.667887028352,0.786050586993,0.741743912811,0.184373562752,0.918918918919,0.0318003957964,0.40775192349,0.0245415127922,0.0415686041504,0.370801718271,0.369297104591,0.228264408987,0.668437874872,0.41769041769,0.373627358702,0.879866370737
0.685512464992,0.012748153122,0.0840560137773,0.958829797539,0.572436241223,0.616659413264,0.805814027635,0.724836243943,0.447227204792,0.331680517727,0.343949920069,0.766345059028,0.72972972973,0.907907907908,0.444614425747,0.155011126234
0.471551036275,0.25599512556,0.137826985924,0.282429033522,0.71569116741,0.953061088543,0.982667630076,0.982667513746,0.690432422304,0.727381284082,0.690105690106,0.15230125523,0.471627072967,0.50628406184,0.707678901924,0.292325171887
0.115751367806,0.825528124778,0.872365946326,0.23325711829,0.203522347728,0.594594594595,0.758760666154,0.658429801128,0.626599911233,0.0492009736302,0.990171990172,0.724726944239,0.96798437782,0.223587223587,0.147923204103,0.545449788523
0.0196957505123,0.862737236287,0.918918918919,0.16004598543,0.968288015907,0.913915307634,0.223697701635,0.892892892893,0.348685133732,0.899262899263,0.0464105676142,0.756756756757,0.174314273706,0.791124457791,0.935985281056,0.55023633499
0.164961858897,0.247959638471,0.216216216216,0.899576499576,0.788697788698,0.692778175272,0.282430424892,0.661177344206,0.66606383335,0.176476818115,0.975192583888,0.594594594595,0.337292848404,0.632632632633,0.304580442511,0.894019580118
0.459459459459,0.685405929947,0.446719345043,0.447419105605,0.0391668376496,0.240323237811,0.636495391097,0.186732616451,0.385644290318,0.976476476476,0.508578268165,0.955952883588,0.012243012243,0.359054706881,0.687937937938,0.265307118966
0.214092575088,0.309320357885,0.444523769052,0.321642210462,0.594594594595,0.653598065029,0.977966962448,0.975279956963,0.401168610471,0.526038233355,0.692754756528,0.336474936475,0.798770755191,0.467967967968,0.732065398732,0.0540540540541
0.495867698685,0.302167552168,0.469147539499,0.891891891892,0.852358687802,0.0881647438383,0.451943154227,0.196811721747,0.560239322417,0.985485485485,0.179518501552,0.356293392237,0.592502950712,0.711211211211,0.661541240489,0.356333407643
0.0637268847795,0.997645222315,0.987409925561,0.354114923458,0.243243243243,0.972972972973,0.257653929149,0.955873260235,0.548245481254,0.496330879744,0.769587368412,0.434528083177,0.327093998892,0.130251130251,0.700204020815,0.61899117727
0.346383883884,0.860001242776,0.960901452951,0.510989148535,0.0833035201266,9.9999999778e-08,0.619028819582,0.403331542641,0.184329439971,0.199044632868,0.665737216239,0.884841993853,0.027027027027,0.475475475475,0.857714430849,0.626554197983
0.933017673758,0.358748329303,0.528210277436,0.48048048048,0.272763704675,0.13260347784,0.776689682626,0.466483467071,0.130204409742,0.196743733041,0.609505298631,0.189189189189,0.633911922048,0.48998998999,0.0466686714924,0.548220396705
0.887211636284,0.734524592312,0.727316396558,0.334263789914,0.302010512537,0.265315110072,0.658444356655,0.258212619915,0.832909342463,0.137685725695,0.459459459459,0.616668019371,0.243243243243,0.530712530713,0.542670876004,0.301954128041
0.216216216216,0.157166175184,0.26775050913,0.213409977841,0.542967625159,0.74972157899,0.975831262889,0.945945945946,0.37352372135,0.397506726585,0.862025617807,0.415297650592,0.940985274319,0.304668304668,0.884286331965,0.378378378378
0.236103075553,0.378378378378,0.034164102305,0.989489489489,0.515760325543,0.876904163848,0.498623252332,0.818002571407,0.481731995988,0.328932706291,0.518292432277,0.305203754479,0.361236096432,0.83295576278,0.425073854342,0.423019325394
0.803454552357,0.683159349826,0.798178555914,0.122978310358,0.413030360223,0.349191574577,0.382424857672,0.310106873617,0.613816790768,0.769075197647,0.317034617781,0.459459459459,0.358855133049,0.9999999,0.982698082698,0.331586906055
0.850111395566,0.74237596375,0.678313563947,0.235850604703,0.928683069034,0.358388674709,0.501471068439,0.211213632012,0.230532146544,0.380436797506,0.268059654556,0.162162162162,0.648648648649,0.8998998999,0.997874000126,0.914507589991
0.265298393786,0.0810810810811,0.315140383102,0.936302073886,0.817864673184,0.945945945946,0.292509131178,0.815773145612,0.582361300313,0.164376916261,0.673126818667,0.847510668563,0.972972972973,0.884782218116,0.977757899744,0.840432219659
0.641082630149,0.287416448707,0.457360272894,0.561561561562,0.192125847688,0.351351351351,0.251010573415,0.2632299819,0.876876876877,0.756756756757,0.279479479479,0.265304343382,0.579954238863,0.518470851804,0.817939612616,0.66141945348
0.0419736573583,0.368597447773,0.177157112569,0.85009333658,0.599474166537,0.83579428791,0.262391162318,0.822925557136,0.571638118174,0.233611491676,0.96299912816,0.668579068579,0.353480594842,0.837837837838,0.874613306774,0.796161430892
0.867349896097,0.135135135135,0.149353810977,0.189189189189,0.565348798854,0.990411248838,0.914219521167,0.962978324054,0.827991241608,0.737651231478,0.658191814374,0.00992726117158,0.822885376616,0.567567567568,0.932432432432,0.975132133841
0.378378378378,0.0933367614957,0.380602777065,0.747075602248,0.860122943456,0.0762445261799,0.461656962914,0.267271493872,0.0368422847531,0.203717255436,0.0858308164898,0.95094574338,0.815747767379,0.513513513514,0.963940318271,0.260440783434
0.0540540540541,0.715361860841,0.75382914295,0.489453779309,0.469248846762,0.850141341826,0.915925684705,0.663057485237,0.380878403406,0.778811069134,0.0782291725688,0.530680286586,0.525590525591,0.297297297297,0.154190840055,0.086046046046
0.248223675872,0.334316499127,0.132562033507,0.679988429988,0.985204716912,0.869064847981,0.228974160296,0.837837837838,0.840425531915,0.883383383383,0.764073529117,0.243243243243,0.4224667558,0.75403975404,0.881963081963,0.139754641373
0.312286456198,0.532800964769,0.592414892201,0.564621224999,0.218958613497,0.626444780944,0.766666666667,0.584684045294,0.478898727369,0.459459459459,0.027027027027,0.559850065654,0.914216898891,0.520884520885,0.00492514464655,0.100815100815
0.376227962979,0.324324324324,0.312150245484,0.882382382382,0.476476725792,0.679826885709,0.719727289724,0.680548273141,0.501483232761,0.162162162162,0.968724822383,0.508614942405,0.609227556903,0.618993993994,0.570520934157,0.780783619158
0.339122627782,0.712393800836,0.739726859212,0.223669801188,0.990540540541,0.700358537819,0.918918918919,0.752043280394,0.71996996997,0.388319353837,0.845254491314,0.601633821092,0.044289903939,0.0884171843076,0.805840323082,0.275188126458
0.4545862389,0.0711450711451,0.169984967942,0.904215947791,0.685436331533,0.896194762174,0.94367176303,0.98559449828,0.327139685096,0.781091436264,0.785836768084,0.656521670532,0.142846846847,0.594594594595,0.91041041041,0.702702702703
0.439482035227,0.39834644052,0.0910532192516,0.501221718613,0.00434384322825,0.0441688041465,0.739474802766,0.353497364098,0.0145942138562,0.115901017296,0.103162186995,0.936751315244,0.127389234621,0.309395109395,0.375550307589,0.562842121401
0.172148524029,0.0690327938124,0.206797233022,0.773920378962,0.378378378378,0.76423612464,0.59257505355,0.810810810811,0.852691084816,0.0906328479362,0.314565805475,0.921742086631,0.911471237189,0.959459459459,0.736793846144,0.498805892507
0.982818745058,0.764712714129,0.75958786193,0.0886751273389,0.392601227105,0.198678099679,0.329293997272,0.0130103288245,0.334193284193,0.810810810811,0.385454311902,0.825542523656,0.144837144837,0.896877269426,0.626535626536,0.607168812648
0.9216126356,0.0832391438824,0.144428639165,0.238317422977,0.346355455557,0.683646301904,0.187162674054,0.625893935172,0.645905513146,0.103135701735,0.479079079079,0.684862104993,0.685479027415,0.561561561562,0.108108108108,0.75907676191
0.486486486486,0.483562922477,0.103260708535,0.356176986235,0.899249765229,0.72972972973,0.778909127816,0.607251107326,0.363489205675,0.147195957567,0.203870537204,0.675675675676,0.300089663123,0.191605138974,0.282854508051,0.928558162759
0.618760772607,0.41283204602,0.550237664221,0.467445223001,0.105183137874,0.177064288197,0.661158475287,0.233256620449,0.189189189189,0.417937372001,0.349173343725,0.795847431142,0.0956419834469,0.242242242242,0.835235235235,0.322135219331
0.231070046099,0.265271079074,0.0123398207925,0.641442028539,0.739478609044,0.52077273606,9.9999999778e-08,0.513513513514,0.807930588169,0.491406183353,0.26046299464,0.0540540540541,0.781643365553,0.820570570571,0.653645146563,0.931767699903
0.100815100815,0.636311680718,0.378378378378,0.771752908299,0.579758654235,0.909196936623,0.847543071632,0.756756756757,0.233632279235,0.170096959571,0.629044611748,0.709930248486,0.434686780721,0.454478869113,0.442078442078,0.631537288087
0.22859517872,0.145119449807,0.231199276485,0.815783525461,0.72972972973,0.781521530125,9.9999999778e-08,0.695680410321,0.59237065812,0.189189189189,0.688577078821,0.80590041988,0.963001836788,0.759580475998,0.297297297297,0.540540540541
0.822951282278,0.823314497113,0.864864864865,0.569697766069,0.31523062591,0.459459459459,0.300147856087,0.122288337262,0.265302007716,0.0241950967735,0.319469325233,0.923569015523,0.904258589298,0.781381381381,0.724777146224,0.950806173543
0.547561605389,0.277672734463,0.371279325302,0.768928717077,0.850424892978,0.454565676788,9.9999999778e-08,0.464445432488,0.778850604591,0.505921106353,0.47419138177,0.715521060914,0.0860800255351,0.00790342581387,0.411411411411,0.319352686019
0.908921401901,0.837837837838,0.734691223491,0.267302219776,0.945945945946,0.0148302479295,0.356148067259,0.0141881011446,0.051336070675,0.548536404689,0.0247230335726,0.258094130166,0.71225973318,0.142418280349,0.916633159094,0.726226226226
0.199013626495,0.0738635678395,0.130353968243,0.842642642643,0.864864864865,0.985066718264,0.882011768475,0.950553009629,0.628922306049,0.415335204379,0.776196331859,0.734276912571,0.980202424647,0.557686718977,0.390485723819,0.0519576179954
0.260266401371,0.312241702283,0.43470907134,0.807859583722,0.414787568634,0.550419586947,9.9999999778e-08,0.5797549309,0.785925367599,0.916126652969,0.909008387269,0.181498370799,0.598723964813,0.778852927001,0.523265533575,0.46912766425
0.446776611694,0.547777747863,0.567567567568,0.100265100265,0.503689619268,0.424546876974,0.351351351351,0.434934096927,0.99699907808,0.0732846656884,0.572344735862,0.869854849078,0.108108108108,0.0149037926816,0.0838155228399,0.160112035112
0.501353812829,0.638690519431,0.712640334553,0.341409138222,0.319426430657,0.552716926254,0.609604383966,0.542996835009,0.663455688698,0.851915915916,0.810810810811,0.0713873658218,0.670702661041,0.17017017017,0.650775775776,0.572372372372
0.535571716295,0.336339283346,0.238268583025,0.311932568721,0.332057628137,0.810810810811,0.414909859354,0.72972972973,0.715320025908,0.302289348471,0.874669253137,0.523242355344,0.28017437861,0.845541193367,0.15995995996,0.194095899507
0.574695602403,0.403235871855,0.702702702703,0.677719736543,0.076334851886,0.196788920866,0.644400811067,0.400405728416,0.331800635324,0.18203970246,0.375618475618,0.876914402387,0.466513388388,0.64964964965,0.252799761087,0.135135135135
0.624342016987,0.11106289776,0.540540540541,0.643659742997,0.044114535028,0.117276384763,0.638690785916,0.424455783481,0.174225188438,0.513513513514,0.0413804295966,0.71981981982,0.837837837838,0.540540540541,0.277871419807,0.0122215238494
0.243243243243,0.39565635483,0.111091001716,0.698509830585,0.756756756757,0.790836290836,0.373471283614,0.749146077365,0.823002489669,0.719760816535,0.624271627176,0.477977977978,0.322215317375,0.798697573978,0.678659051208,0.267568938802
0.985826622643,0.226167983007,0.117925439593,0.513513513514,0.732521111716,0.058938472922,0.700377453394,0.442198567109,0.211378168604,0.941031941032,0.700073306105,0.197085974864,0.393110223145,0.733233233233,0.385731054796,0.51574326824
0.869641700524,0.653627568937,0.577072777679,0.309576304077,0.235536580422,0.309738309738,0.47648550467,0.243243243243,0.336573818717,0.842772259439,0.528203536348,0.164192764193,0.417526374242,0.946946946947,0.774327519008,0.74687553302
0.388297705371,0.77391588865,0.65352709367,0.0650650650651,0.344283881197,0.371094802467,9.9999999778e-08,0.247857676798,0.75436975437,9.9999999778e-08,0.636419241327,0.914031015548,0.12097002663,0.408908908909,0.648648648649,0.817989273909
0.122996005714,0.469293838869,0.00704705996736,0.994494494494,0.137382987676,0.980911604674,0.44036923102,0.901795631248,0.673037199049,0.560414960415,0.621621621622,0.658084808947,0.250413014641,0.91640620212,0.112216928971,0.183183183183
0.189189189189,0.678587678588,0.744734489988,0.493908305192,0.159654411323,0.577493763637,0.889167674233,0.611687635091,0.420212847657,0.521215538683,0.631156954146,0.74184575939,0.0712126267682,0.14990666342,0.46934030805,0.063963963964
0.914562527324,0.765878311387,0.815284034034,0.0689986134873,0.261054527245,0.444556143666,0.169690947879,0.356343365422,0.936568470311,0.861361361361,0.324324324324,0.0244005473363,0.501384979999,0.690261690262,0.233609847471,0.614407224904
0.523413376201,0.128047239158,0.505921351619,0.107107107107,0.582520323074,0.44740312268,0.75432217732,0.488521920742,0.201281901566,0.738857669551,0.446484113464,0.252574002574,0.619581029236,0.763949996508,0.201287001287,0.0490764320552
0.316458158563,0.995887648196,0.965243129922,0.636450087765,0.125446964688,0.164886839684,0.697729988053,0.127620578325,0.186982755307,0.307264160712,0.164645312215,0.540540540541,0.105707073816,0.0364455364455,0.459459459459,0.859896171212
0.369003149491,0.344299747297,0.407676493698,0.791260993047,0.626104535908,0.452282458814,9.9999999778e-08,0.444798023459,0.430308752837,0.321472509034,0.472148950283,0.677963134237,0.137170727775,9.9999999778e-08,0.478890655361,0.657776457776
0.366174685324,0.108108108108,0.0518611458387,0.914112655461,0.798145972059,0.832912581309,0.746753464874,0.764218118828,0.749459423837,0.343862380899,0.744567491812,0.402864402864,0.754591465855,0.206495969654,0.100957904259,0.368736303871
0.680597522721,0.77925964416,0.773833871395,0.345345345345,0.781777628251,0.238667588034,0.702702702703,0.226120159895,0.133132151567,0.324324324324,0.393217541866,0.206296183824,0.945945945946,0.68290512735,0.381346258539,0.353414603415
0.356242751411,0.329317493169,0.00226711264511,0.978978978979,0.0710954586924,0.783783783784,0.265361278323,0.73203746554,0.72972972973,0.486486486486,0.742249291545,0.582387120849,0.294627179873,0.9999999,0.336816106047,0.149744338934
0.567567567568,0.159298686226,0.440315355927,0.978978978979,0.0469010177244,0.233303273595,0.419906493784,0.36838128451,0.875375375375,0.481602640104,0.0666983842339,0.640994398753,0.771399818049,0.959459459459,0.793699740008,0.240757999379
0.533473563429,0.771351155716,0.61675957024,0.0650650650651,0.577264333107,0.381149779274,9.9999999778e-08,0.245664383595,0.761685710351,0.00706837151649,0.562572231887,0.931130304711,0.0517660517661,0.408908908909,0.0355355355355,0.414594594595
0.734696760079,0.717548219146,0.79108861988,0.0986673574533,0.432432432432,0.246240602887,0.381355474813,0.203959089048,0.604515935275,0.0860564143562,0.132337881004,0.839919858688,0.162162162162,0.00227254281308,0.778792554022,0.587043565304
0.0959236693341,0.896840366312,0.935956821203,0.149441946517,0.783783783784,0.368399939829,0.437368615795,0.40800101316,0.4276636377,0.186481083666,0.117726878451,0.810810810811,0.926265709022,0.176981715443,0.72972972973,0.371110948347
0.00735920830659,0.985220083176,0.83564187608,0.822867643763,0.879468942627,0.611677633016,0.275176582357,0.557733152147,0.508522124582,0.339101005768,0.022072229292,0.96068786113,0.213461080128,0.827933894159,0.918918918919,0.304547431682
0.262644462644,0.847689032021,0.894736915041,0.221131291216,0.439852538207,0.847170872905,0.363399544122,0.786728476049,0.577470718782,0.850379791556,0.812942344126,0.061421998922,0.764030480521,0.586766253433,0.808219984691,0.910980785333
0.542606300568,0.91182180022,0.881901950343,0.631627202424,0.941127448203,0.928910190109,9.9999999778e-08,0.673182232567,0.638671729581,0.651402936679,0.702702702703,0.500879577803,0.23074159094,0.00486200486201,0.510783510784,0.442235455795
0.928859421023,0.0295993575403,0.405405405405,0.0540540540541,0.115146153906,0.992894735226,0.948063827871,0.987980237715,0.746954676684,0.795804654212,0.869866912703,0.103264320768,0.842829074912,0.366032699366,0.17199017199,0.569863981629
0.307174508676,0.679782346449,0.675675675676,0.786075650941,0.363947862071,0.823206838552,0.76172201241,0.783783783784,0.650937650938,0.959459459459,0.69565676139,0.208872029925,0.558246800483,0.9999999,0.111090990488,0.431431431431
0.284901388844,0.198681608438,0.0790253126459,0.658352010547,0.903933891095,0.751806351806,0.154803244476,0.739386689594,0.932432432432,0.368644136086,0.445362202119,0.292976520825,0.536230302961,0.9999999,0.525881331569,0.835258335258
0.73955546666,0.496182456967,0.373397930641,0.603824103824,0.936168915871,0.170042893463,0.486486486486,0.136136136136,0.250558232207,0.558089651113,0.383370444475,0.167152088357,0.49147632481,0.882092618935,0.854943832722,0.698322108516
0.297297297297,0.339138509083,0.307299229576,0.855036855037,0.132583508354,0.569641370284,0.243243243243,0.550527171437,0.612326262693,0.498913751787,0.614446814788,0.589608195556,0.265512616864,0.638888888889,0.0590590590591,0.316975094753
0.781701472246,0.982917738737,0.975526659489,0.719990260531,0.360916880183,0.0787830565608,0.552871621622,0.181533734993,0.135135135135,0.483825562257,0.295188198184,0.754111653553,0.149730375537,0.879709898578,0.550528789659,0.564610411939
0.332282871106,0.5504117464,0.70502765271,0.961961961962,0.00983155149968,0.120210969224,0.55042818099,0.191322399009,0.181300089328,0.793774403944,0.00262990329122,0.842709030111,0.292371489518,0.342842842843,0.756756756757,0.168168168168
0.795856855007,0.567567567568,0.763851067827,0.672172172172,0.0690380262271,0.226081234526,0.503622402499,0.214027168853,0.162162162162,0.366285826056,0.0587014977467,0.651637385604,0.429680718726,0.645145145145,0.3484948363,0.00960960960961
0.52081711341,0.466527561495,0.0443431692098,0.968015634682,0.712233278271,0.95595077345,0.911850419483,0.864864864865,0.319433160863,0.171688041929,0.297297297297,0.455253233031,0.47921577353,0.808579221423,0.503518116657,0.714723173878
0.106060986408,0.79582387715,0.709932385918,0.319527039637,0.574751080411,0.948047366322,0.788701533243,0.82072978094,0.27027027027,0.22363537643,0.943586443586,0.526481789052,0.196956682083,0.162162162162,0.94100920637,0.739697233398
0.444789051346,0.388363956203,0.420318353901,0.00459649680833,0.405405405405,0.302258330682,0.673352112506,0.332208031651,0.90165783576,0.235330872274,0.152162563752,0.702702702703,0.206385909051,0.95085995086,0.0590590590591,9.9999999778e-08
0.749395296103,0.555171523725,0.412991304558,0.978978978979,0.813503158331,0.0392244414591,0.398216730738,0.0562758202243,0.027027027027,0.461895569038,0.184457470022,0.854905676621,0.0589718457079,0.383335716669,0.759666402153,0.79349916865
0.255365972893,0.719842173391,0.665683632631,0.806139472806,0.359109727011,0.812856356869,0.795805863051,0.769052070939,0.490999201195,0.341363988423,0.130195484352,0.142390978549,0.832870205039,0.786786786787,0.599551932885,0.963000500501
0.94096793303,0.0569043619891,0.162162162162,0.653178506837,0.778784748964,0.950917834303,0.631477240964,0.896699208402,0.49886523404,0.400432823994,0.971971971972,0.520737593187,0.201258450825,0.591738079543,0.496458290351,0.936130447588
0.353467362579,0.26812992657,0.0884583939884,0.518508483421,0.0417989251128,0.592065133049,0.174316922556,0.589613502812,0.889829588625,0.43741332769,0.645853216101,0.413017984124,0.324324324324,0.761670761671,0.611704141116,0.651512784461
0.132714847412,0.0909656957173,0.257803797863,0.852609366123,0.717159847595,0.518453433486,9.9999999778e-08,0.592568257074,0.985815602837,0.191835913472,0.987959922539,0.591952444023,0.540540540541,0.852810557036,0.0395233943621,0.307262569832
0.672987333325,0.906700163307,0.852577577578,0.293793793794,0.0661088156446,0.396232052948,0.358651827662,0.16695126499,0.660677545015,0.861361361361,0.707681697059,0.688344158112,0.164256763702,0.337337337337,0.771221926152,0.675675675676
0.245841557756,0.80280532785,0.746908852172,0.474356009109,0.689955646612,0.727192858568,0.159653611315,0.560232363511,0.282985915361,0.13280091336,0.140019427351,0.788450154042,0.498550815624,0.378378378378,0.574853404937,0.726226226226
0.349307814038,0.162162162162,0.182135159344,0.749726279621,0.844892229508,0.975160820231,0.305146635552,0.855214085053,0.726893560227,0.0140444098107,0.724746641464,0.963125439328,0.921440308233,0.597097097097,0.255779183439,0.334084084084
0.3981196038,0.486486486486,0.30024393528,0.581884341809,0.793275601713,0.147224976653,0.611618911528,0.378378378378,0.179217908658,0.761754662464,0.930940003448,0.596947462927,0.167155668365,0.955826794536,0.0662522171294,0.670896369692
0.889146268944,0.798723501069,0.810810810811,0.21126103479,0.997612997613,0.402474062429,0.400423314696,0.250704157611,0.260281363524,0.287746763157,0.680310568464,0.894062173092,0.0224998517681,0.874764874765,0.508927532183,0.968409269485
0.130275067616,0.748970958273,0.668658821981,0.59661987569,0.796622076622,0.842812098097,0.675675675676,0.803570393555,0.520540621351,0.508828828829,0.651526011608,0.665724923125,0.216216216216,0.440940940941,0.712582033731,0.287658479148
0.491439956314,0.284627742867,0.387973112431,0.781418265032,0.810810810811,0.830635618129,0.891891891892,0.808107691603,0.557629835142,0.260757467994,0.405405405405,0.498643028055,0.9999999,0.167110506733,0.292671553541,0.987919183755
0.80814167425,0.921770674005,0.980346833536,0.63892888168,0.14465233139,0.346347335478,0.378378378378,0.0443674872644,0.0712914328194,0.530677855275,0.0390701895579,0.351351351351,0.734694420213,0.575163398693,0.182044508692,0.611655697148
0.196395015705,0.304488396442,0.0244368777029,0.9999999,0.837837837838,0.739572468684,9.9999999778e-08,0.712196564273,0.859863997782,0.00413836200487,0.71486379997,0.948081035231,0.840460687035,0.964464464464,0.734652083276,0.129129129129
0.904167766092,0.0365124055985,0.166930813177,0.594594594595,0.454541257124,0.918918918919,0.828166154982,0.889284889285,0.734535929658,0.351351351351,0.9999999,0.584964274619,0.972972972973,0.9999999,0.494018290135,0.13299013299
0.0345133079081,0.410390415384,0.160148990192,0.496166877449,0.27027027027,0.724789949524,0.284862362362,0.812814838311,0.788725412316,0.803026133703,0.867147147147,0.138129086132,0.442379303669,0.265432098765,0.354854854855,0.594594594595
0.972972972973,0.709771455916,0.626622527418,0.339301439524,0.680403195804,0.311961421769,0.37572430971,0.144871355679,0.703703703704,0.955886921404,0.0840472851784,0.144782842544,0.545455949777,0.400408673136,0.44954954955,0.736843226205
0.88401001001,0.948694875839,0.832850707851,0.307117293419,0.719753288786,0.110638907459,0.678241878242,0.0419260805413,0.115156130753,0.452035368702,0.417596769817,0.263177226814,0.518514858551,0.0514264264264,0.754115017273,0.0765637432304
0.282415917177,0.0638480206826,0.120501817428,0.889396438692,0.62445148362,0.61958523005,9.9999999778e-08,0.645682540154,0.697921665958,0.0391729270498,0.948435210675,0.626479787554,0.722576401316,0.616783450117,0.145051460413,0.574806742514
0.847017342854,0.813517661944,0.778887396,0.272323213799,0.901873873874,0.537725582785,9.9999999778e-08,0.238367266619,0.0810810810811,0.592158195932,0.248026873027,0.0390533700729,0.860856698695,0.661021021021,0.419757785955,0.596637024747
0.319393209365,0.221176590603,0.211346347628,0.834947096629,0.486486486486,0.624215856636,0.230780546862,0.631209403236,0.875375375375,0.493616398714,0.739409086506,0.255478258828,0.690347729345,0.663179308341,0.830747989369,0.837837837838
9.9999999778e-08,0.950761572383,0.972972972973,0.301982129188,0.60917107102,0.528494532268,0.86286114293,0.839892003907,0.717541070482,0.584994830896,0.311909556615,0.813142838154,0.11525097199,0.479392435914,0.331751641144,0.206626965949
0.290208169636,0.279447447447,0.233239519642,0.798732742895,0.906807469721,0.567567567568,0.191701609778,0.57036055705,0.815629853849,0.258017699397,0.540540540541,0.260464271662,0.665669045142,0.578578578579,0.00777645973376,0.324324324324
0.0660958725475,0.201644541477,0.32184213734,0.837837837838,0.602455807763,0.636541134774,0.852693460858,0.734694542331,0.523519818201,0.127899689246,0.21324341583,0.889488186668,0.899067406675,0.606826338534,0.138095542351,0.216216216216
0.874707306425,0.628778776031,0.707678168937,0.499330234024,0.403342613869,0.488606600701,0.27027027027,0.381263045992,0.884842254212,0.891891891892,0.592307920224,0.184234752098,0.574757167591,0.228657228657,0.322255588922,0.278778778779
0.825514252305,0.972972972973,0.896066419079,0.683165748586,0.938349346551,0.029411247441,0.46438212906,0.113090101596,0.0683413789216,0.167112752227,0.228781733514,0.783783783784,0.172138314785,0.805840323082,0.832861988202,0.75422082102
0.820776394602,0.93677842827,0.941137060754,0.508536596784,0.262550221454,0.285166985167,9.9999999778e-08,0.0909448774617,0.238470469048,0.693090599681,0.0342574702819,0.410315548929,0.57711229353,0.332027679854,0.0530530530531,0.129129129129
0.926022244043,0.727017419388,0.580454359789,0.543058378713,0.736936128592,0.273198348195,0.336458897496,0.0519105678116,0.653440477515,0.968058968059,0.108108108108,0.0831958719283,0.587168305117,0.869831369831,0.815760460922,0.832860421524
0.51595351497,0.968049385624,0.749505373919,0.246097681106,0.472339527027,0.260411417143,0.547551485912,0.198953064262,0.245394128711,0.707693908118,0.306507400257,0.076300247032,0.582227134724,0.313313313313,0.118087842095,0.801351351351
0.0490952584085,0.208401455592,0.20322869018,0.830584430584,0.741919785398,0.9999999,0.808598245705,0.936017983077,0.74411707745,0.228299006077,0.882151980643,0.926351364613,0.38808038808,0.817942942943,0.221095859862,0.20364452629
0.651431944419,0.580160082863,0.783783783784,0.607004036678,0.0985014828493,0.216216216216,0.471592921146,0.319340857251,0.223225804786,0.60438290001,0.408408408408,0.857635317031,0.0910805498,0.835502168836,0.21337107717,0.0197373388863
0.746764196009,0.840120573269,0.837837837838,0.665717780255,0.746753482958,0.287330199119,9.9999999778e-08,0.147895161261,0.587475907206,0.100752284634,0.305131001648,0.77628773812,0.476774159156,0.578578578579,0.702702702703,0.761702761033
0.00497422064288,0.673178851461,0.58503531941,0.908972063546,0.640892691252,0.756756756757,0.339333570307,0.877348524543,0.575229110613,0.348700062405,0.916258998159,0.429664959077,0.49640206244,0.687960687961,0.364864864865,0.764666074525
0.683047646739,0.867359903716,0.955716981804,0.548354556106,0.108108108108,0.496474777817,0.72972972973,0.388322445668,0.47172714576,0.683244073315,0.0170841537324,0.405405405405,0.629098932051,0.815783525461,0.0760850941031,0.118046297418
0.995956469797,0.667845150115,0.970271125981,0.137210981473,0.297297297297,0.243243243243,0.441903441903,0.118057912506,0.0881606901306,0.751762927202,0.570037459556,0.72972972973,0.110297213101,0.202702702703,0.955887678178,0.621621621622
0.678136384857,0.513513513514,0.280235542805,0.931735657226,0.776695887807,0.0540540540541,0.535830011046,0.142160700678,0.029185018489,0.0959633189008,0.189189189189,0.820637268398,0.63946725769,0.670718337385,0.0690583974166,0.110288860289
0.923878224368,0.67078593057,0.793787906245,0.0837460349655,0.223372315335,0.361359713006,0.484383978756,0.366306704055,0.773851710591,0.378378378378,0.476942696121,0.322135413422,0.751757271628,0.0716803760282,0.920944200014,0.004984004984
0.579581763582,0.353687577394,0.417437846009,0.702702702703,0.815765992237,0.867758361447,0.849898051751,0.797861861862,0.972972972973,0.299694089523,0.38834699361,0.334298584299,0.660718119933,0.877022653722,0.0414739063388,0.872633837851
0.69787595815,0.930983954436,0.909236101045,0.293793793794,0.0860656574942,0.331718335436,0.532812257985,0.344302505222,0.493937511634,0.722627728559,0.684804627112,0.690210421318,0.169298770662,0.334152334152,0.825103849494,0.633973704991
0.0369109195983,0.98744248836,0.9928348986,0.027027027027,0.570273279657,0.936501612177,0.958941724414,0.958494966772,0.636626019066,0.639434889435,0.864864864865,0.835313917989,0.0398663305388,0.711211211211,0.152806652807,0.720020847294
0.614583041823,0.64365719061,0.695590327169,0.4101268504,0.47932631492,0.334245848058,0.297297297297,0.176953072475,0.958468672754,0.0540540540541,0.27309634366,0.952982053253,0.412891331775,0.390564758307,0.224143311903,0.157172097471
0.997003761469,0.0220239574962,0.27027027027,0.0440842504554,0.4815269962,0.410246135706,9.9999999778e-08,0.373656742645,0.896879930778,0.533022605939,0.55038021797,0.503732640423,0.346781124559,0.641277641278,0.592092092092,0.168168168168
0.0931196322087,0.618906075118,0.437344558215,0.396049005304,0.665701965076,0.705518018018,9.9999999778e-08,0.636138473411,0.597476180522,0.34639778118,0.926473412188,0.623859911414,0.368374633015,0.9999999,0.245886912554,0.183183183183
0.437434932251,0.213846363067,0.32647960877,0.715191827341,0.0590082794164,0.501303008766,9.9999999778e-08,0.505613627565,0.908914580303,0.12014311603,0.309823699297,0.859988376394,0.103235385287,0.8998998999,0.638872449091,0.147597597598
0.4005681536,0.172168069709,0.22119391797,0.503561198086,0.29237362241,0.449471361058,0.361341991612,0.486486486486,0.968075124733,0.976476476476,0.26249845351,0.272554644762,0.253118664883,0.609024609025,0.257452574526,0.8086618303
0.813097690952,0.481871920074,0.535601708739,0.125251559752,0.45663946495,0.916836133546,0.963041316451,0.882079043131,0.562584944059,0.565474160129,0.644143326778,0.230720766709,0.395511266894,0.0810810810811,0.887062988915,0.300285476756
0.341470502761,0.37594046685,0.294803732304,0.894168894169,0.675675675676,0.584612243624,9.9999999778e-08,0.575155012591,0.868368368368,0.265989065989,0.904157996611,0.456507140051,0.454624638025,0.582263114178,0.820775759683,0.786068460487
0.79373475352,0.958582632391,0.963156407942,0.59161510997,0.321835224761,0.041851339005,0.656079471841,0.0639864390992,0.0959834596198,0.61441043287,0.142695589801,0.289364310778,0.46935127899,0.84278028028,0.91041041041,0.223942564386
0.560054359599,0.648648648649,0.859908979828,0.378378378378,0.027027027027,0.543225607742,0.597056298549,0.49601043613,0.149183966575,0.599585661251,0.456755606181,0.803643265907,0.155010615429,0.813339655445,0.943741429291,0.646373646374
0.405405405405,0.223327416636,0.316608274942,0.812955812956,0.663604656732,0.604440573587,0.206368725869,0.599416012207,0.932432432432,0.403355962598,0.761688404185,0.471590638257,0.532835429089,0.751821589031,0.429975429975,0.388269155582
0.469263381028,0.24610998433,0.319354261859,0.766519434141,0.668333340915,0.142317779071,0.540540540541,0.26583104844,0.157207018863,0.360741849341,0.346361979585,0.532825508435,0.553095659103,0.570284570285,0.0858444651548,0.513513513514
0.181231591304,0.0199979655705,0.240589742285,0.987987987988,9.9999999778e-08,0.484005862758,9.9999999778e-08,0.562761342903,0.995959194489,0.427464531413,0.582315513069,0.569796736707,0.705451473689,0.604486839781,0.0933702063646,0.457278707279
0.628806387943,0.435260503222,0.339258177096,0.7542997543,0.857080749388,0.14499656077,0.516125213634,0.15472674891,0.152192718458,0.511120240762,0.398337777029,0.248069987796,0.554934465382,0.508532923167,0.682943105707,0.527943966454
0.577576304444,0.894411826428,0.801099971468,0.810810810811,0.336720406207,0.253039919134,0.316764018556,0.0615649974918,0.962963762485,0.798642333482,0.275139751011,0.73242954493,0.130511955254,0.0562736649693,0.341348244797,0.628684358877
0.727606872262,0.430166767776,0.621621621622,0.532924688152,0.0640090179839,0.209166358371,0.537856268259,0.292442442442,0.204143419906,0.456746455628,0.299757463141,0.326458318618,0.376196395324,0.481572481572,0.995026883529,0.995051319125
0.220897589319,0.27027027027,0.324324324324,0.407850328204,0.142613473254,0.5258758495,9.9999999778e-08,0.418245343055,0.194075914414,0.297297297297,0.884146890341,0.250597263931,0.643659863567,0.320820820821,0.970384738157,0.918918918919
0.238326472369,0.0884898581592,0.19900996097,0.882382382382,0.528037841763,0.702702702703,0.334003469481,0.720437288908,0.555459134183,0.284980632807,0.945945945946,0.648648648649,0.312312016362,0.626459793126,0.716820716821,0.59168692502
0.938815615017,0.442354497579,0.41537654159,0.336548227059,0.238397311304,0.393274630563,9.9999999778e-08,0.136136136136,0.314531425678,0.744033189816,0.333539489146,0.967989696208,0.0170243773185,0.115329232976,0.135135135135,0.122828711064
0.817914326511,0.960583008638,0.95802110424,0.375535199065,0.533463150651,0.324324324324,0.663202848811,0.216216216216,0.225978532448,0.82332046332,0.359177540814,0.0910806707814,0.616716697869,0.120757120757,0.0740639629529,0.403071946118
0.881888022992,0.808514983969,0.769383464299,0.293793793794,0.282317358141,0.157345177428,0.444472670683,0.0810810810811,0.216216216216,0.552910368444,0.354114114114,0.00705223033633,0.828751069195,0.342842842843,0.695331695332,0.980702331818
0.478747978748,0.525590041869,0.00978293974403,0.174855472212,0.768930055375,0.378378378378,9.9999999778e-08,0.333520909369,0.965669212235,0.503561609103,0.92369480266,0.918918918919,0.0296371137493,0.398311354833,0.230968295484,0.690432916577
0.754642345034,0.454516212871,0.557579405432,0.0220285261157,0.388257522136,0.0465839375848,0.624254038311,0.329263127181,0.085586240079,0.808732325318,0.521484228167,0.0516770842504,0.844961633417,0.230538230538,0.533262429096,0.673006339673
0.906891400867,0.788755997912,0.874661670313,0.113107902582,0.26529390726,0.61428805117,9.9999999778e-08,0.36129232681,0.278048647028,0.869739304522,0.90686171121,0.867506604349,0.00996027082984,0.528370475739,0.289858763357,0.58992325659
0.0440558262565,0.869797725115,0.877448355031,0.130193078405,0.491489755229,0.621621621622,0.201295429126,0.651615428929,0.850117240528,0.619497546327,0.749366121056,0.36633501978,0.658441049745,0.694920727179,0.592092092092,0.115573485944
0.420222514778,0.17699331985,0.297297297297,0.911425902517,0.833199227936,0.602082213757,0.756756756757,0.618691950734,0.631552948654,0.253096846847,0.486486486486,0.727379947924,0.415401553157,0.589800326642,0.27027027027,0.413332873103
0.300000774635,0.943806041275,0.869571521382,0.857201463759,0.980728930369,0.299516250121,0.722628885338,0.449658034118,0.709834834835,0.805850937643,0.638675911633,0.159621159621,0.356345760015,0.685585585586,0.194188506689,0.579851153798
0.553116962012,0.0587721639036,0.508550225707,9.9999999778e-08,0.948522292785,0.0640208775802,0.833534760501,0.525528879171,0.0633152813084,0.0173385188465,0.112922561115,0.852387629132,0.960875160875,0.449631449631,0.203962256095,0.609093942427
0.103105263315,0.845058666261,0.648648648649,0.00994759558295,0.970215113072,0.319319978523,9.9999999778e-08,0.252972972973,0.79831798862,0.877177177177,0.855266464717,0.510831674766,0.152208699737,0.242242242242,0.953212240883,0.901694063836
0.963543175641,0.57458291625,0.466503200448,0.255848245289,0.255391196728,0.258184073081,9.9999999778e-08,0.108108108108,0.594594594595,0.948032778541,0.0810810810811,0.24596024596,0.508590557771,0.233462033462,0.49125017875,0.486486486486
0.658654217917,0.0319538288288,0.611679149029,0.602546029305,0.0247526559558,0.0369990137319,0.565266746873,0.518358522457,0.0761137027017,0.432432432432,0.360633042822,0.990412430779,0.00498413582526,0.534534534535,0.545511420511,0.926098886708
0.280139556002,0.194174566724,0.140089122514,0.577317824153,0.50913374675,0.572530196889,0.220898443084,0.594594594595,0.904339633751,0.801166805572,0.390453793525,0.223764748355,0.459459459459,0.511217099452,0.592092092092,0.390486779389
0.38593582496,0.877844110734,0.945945945946,0.656302948316,0.127832029231,0.56528555356,0.520678378584,0.419619409546,0.219130822019,0.732008639523,0.233797811652,0.216216216216,0.597588289291,0.771046908978,0.311782370606,0.685486533654
0.655675213619,0.439481836771,0.430199069754,0.523433711036,0.3808976762,0.127743577909,0.653506450055,0.275043080318,0.164455779402,0.918918918919,0.321413625139,0.112885612886,0.835360110488,0.316900233567,0.636174636175,0.38324038324
0.143070406046,0.591796574732,0.699748258214,0.147633990331,0.591635556285,0.744604645213,0.786414833247,0.805977438889,0.459459459459,0.815743493904,0.822835056931,0.275273378242,0.489222251344,0.27027027027,0.368385191915,0.420017882651
0.805911034922,0.461852811014,0.680502744685,0.0395638000526,0.21385856619,0.766617822642,0.252797127024,0.624528823302,0.263000738064,0.855068182937,0.830758434451,0.386185597795,0.380866978089,0.599542939166,0.0640165786731,0.213645199724
0.27027027027,0.371273394112,0.27239281166,0.370645274743,0.960887716985,0.560517658856,0.894188305953,0.73698863337,0.198989630024,0.82784764963,0.641362639235,0.746757763783,0.0364630996685,0.272522522523,0.950759583113,0.958413750326
0.359097148278,0.464446024248,0.661116899212,0.0519552353026,0.544957328462,0.182007429083,0.670822211363,0.427593408867,0.28933476982,0.931315931316,0.653053053053,0.0192961322905,0.653494255518,0.677820677821,0.685565264513,0.941189540515
0.370513370513,0.112890668446,0.309350745081,0.520556111667,0.501324666842,0.76888589205,0.906380079757,0.845380563914,0.525563233843,0.122766726003,0.53839507436,0.604515602909,0.373482969595,0.775275275275,0.872310936141,0.511497252238
0.233351318651,0.655998134347,0.717607851754,0.143084820849,0.975782233847,0.366270943841,0.71762339403,0.530570622865,0.122677228162,0.442303645017,0.511448476184,0.235953902621,0.742099383684,0.189189189189,0.476576576577,0.751953182061
0.648648648649,0.37339326081,0.395719060584,0.418314418314,0.295099787287,0.432432432432,9.9999999778e-08,0.314425167873,0.511221939613,0.626616715726,0.871879422145,0.363627703834,0.338935950876,0.245779760343,0.958871915394,0.604542609074
0.324324324324,0.0761295816975,0.275272423421,0.882382382382,0.385771689863,0.562603724052,9.9999999778e-08,0.614570649921,0.703703703704,0.262464501853,0.891891891892,0.660989384446,0.606646387906,0.612066612067,0.798758758759,0.471638514298
0.778959287156,0.341442242717,0.613953554909,0.348610255449,0.029296817541,0.0987991784452,0.68506804677,0.351351351351,0.0589994072473,0.658347668056,0.52283557689,0.751889355663,0.0833361806813,0.404904904905,0.972972972973,0.380942383061
0.840776605482,0.815806299619,0.795843102081,0.391010057677,0.531193445101,0.19129243023,0.496387649786,0.228422452303,0.25576844761,0.208984609667,0.498775448143,0.221172856605,0.683434085693,0.427518427518,0.864864864865,0.842700132908
0.554907575789,0.511351830395,0.0170234909307,0.953002385101,0.835208009886,0.297297297297,0.196618934836,0.0046719438458,0.742086348644,0.304587135612,0.611813998403,0.280211245728,0.795971889415,0.437363289215,0.0789473684211,0.0142699090068
0.6626750207,0.103108699754,0.564906522054,0.415173067805,0.00284315782885,0.103126581701,0.513513513514,0.221013696623,0.142263003022,0.117927191497,0.223752053941,0.98266803878,0.948201657879,0.825325325325,0.823263823264,0.466565888688
0.174264311705,0.167120065894,0.186206285767,0.896805896806,0.673162239054,0.582342838814,9.9999999778e-08,0.567567567568,0.695186095186,0.0761462019987,0.837837837838,0.941030949205,0.874848773154,0.893970893971,0.327277690914,0.52062568019
0.688408153376,0.739259490705,0.847538007878,0.717599489253,0.174375061168,0.0688254129423,0.648648648649,0.231143498303,0.0220785668555,0.0933880567439,0.157367012022,0.987780573366,0.0197950206154,0.859929697139,0.310118501735,0.417613786035
0.275196311096,0.596923279655,0.6731274813,0.366265425089,0.167045874103,0.82783263736,0.992239720945,0.992170032182,0.53827006884,0.607514128915,0.766511616391,0.717163917164,0.176688147738,0.213546880214,0.555233199301,0.189189189189
0.832850054727,0.926133996483,0.899188166696,0.721849121849,0.459459459459,0.0513875880882,0.523179312679,0.140139558501,0.118105725309,0.142382911688,0.120495724523,0.823109847313,0.159857742939,0.840333291038,0.21144755867,0.478791153992
0.645896202951,0.417839775259,0.424680670582,0.252951399293,0.953366269495,0.650749104474,0.319674349576,0.587114640028,0.41040463406,0.785964440733,0.589703736934,0.0566645076449,0.673468686188,0.0984060984061,0.0710905457987,0.410396744868
0.26820531223,0.250612790441,0.0368039836489,0.945945945946,0.462394948286,0.995011479915,0.233242122544,0.926405653892,0.83536423962,0.32727455627,0.501058744349,0.631466204822,0.872297619083,0.550497866287,0.802992181371,0.125254286545
0.180162821781,0.918918918919,0.990158240765,0.0564605501314,0.277878374653,0.906743863414,0.84579235178,0.866967899577,0.682774002072,0.454477118628,0.817897929314,0.449635722679,0.695274809693,0.219008482166,0.162162162162,0.0396918657788
0.415198384225,0.360851297157,0.0810810810811,0.705499767112,0.538468415876,0.874802799009,0.987180687432,0.884199703725,0.309592584822,0.985485485485,0.515829482619,0.23826960864,0.302284759534,0.182022022022,9.9999999778e-08,0.346806827596
0.158658658659,0.181927675213,0.277384767318,0.304988682199,0.786572634223,0.714858314211,0.965575423909,0.972972972973,0.42279275756,0.527917890035,0.577374035644,0.39750761998,0.774099853423,0.467967967968,0.0956966356027,0.255651878293
0.958499942857,0.452040376569,0.245703167051,0.247999915624,0.493512975203,0.218976625385,0.626499776204,0.0589258125012,0.30686596437,0.149907438836,0.0445521825542,0.832964972205,0.238712098282,0.534534534535,0.471805138472,0.208570311018
0.0711407415604,0.641597081979,0.553328085367,0.176984784227,0.791002033208,0.852693051566,0.695507730937,0.887179045074,0.970580931913,0.717686667465,0.977565801095,0.446756433853,0.707447216366,0.0839048003227,0.17714308736,0.0225714436241
0.424484427339,0.380576698338,0.147316751968,0.468545468545,0.221102955185,0.172117685025,0.81798110271,0.508585987508,0.324324324324,0.648648648649,0.27818401361,0.0983812497757,0.889404197097,0.337337337337,0.904176904177,0.531515529739
0.32187297795,0.0491471253524,0.189189189189,0.882382382382,0.619470996698,0.722076915625,9.9999999778e-08,0.721954751946,0.800898636699,0.21342145567,0.965575228954,0.672875329317,0.589750454913,0.63641690471,0.452196877729,0.734470581693
0.0783555000712,0.599523239251,0.490906254356,0.400416810253,0.0520454462381,0.498564744438,9.9999999778e-08,0.511243754042,0.739612339612,0.971971971972,0.950919071938,0.174473442515,0.515581867815,0.432432432432,0.0905140434552,0.771673871408
0.719889137934,0.238248531308,0.572508058995,0.525626420556,0.0314577595259,0.135135135135,0.525877412091,0.42336345221,0.169414261232,0.695443579454,0.72188018894,0.911593666925,0.0464358278071,0.9999999,0.206445882502,0.474108908143
0.830756627459,0.945945945946,0.855029936769,0.55757991494,0.410328068405,0.0562344373267,0.557855456428,0.152167923252,0.120176586843,0.154739617711,0.289913501959,0.815760875007,0.13266304979,0.033033033033,0.670795795796,0.820486628361
0.0294327694914,0.980096389072,0.943712120672,0.933201658034,0.606971906229,0.223326856872,0.562564552059,0.38549404221,0.844930700681,0.673131569857,0.0197006244384,0.761759347596,0.287379063498,0.132711024277,0.932432432432,0.342283202239
0.589642785488,0.0540540540541,0.236081719303,0.864864864865,0.766581150687,0.697707155975,0.280246604095,0.692739585397,0.619078519368,0.206434749163,0.901212382595,0.613883113883,0.562890518881,0.655815815816,0.810810810811,0.326352530541
0.715247915094,0.923339260549,0.84081630149,0.257680346648,0.840403062909,0.481595296132,0.603938755926,0.363761428449,0.0738468711071,0.712474350111,0.265295429641,0.0859849575603,0.594594594595,0.0788614701658,0.867760617761,0.677693742765
0.027027027027,0.646390143035,0.474466356787,0.358804848013,0.430305257162,0.795814682607,0.31229794576,0.850160505333,0.677770118403,0.914004914005,0.803710778842,0.477977977978,0.641481481481,0.4253003003,0.316556099826,0.095876364169
0.149704159605,0.174183471397,0.0564168713266,0.240669961948,0.727337342722,0.926017218696,0.594594594595,0.921379300092,0.879148055619,0.611850180351,0.542669434518,0.62897532507,0.189189189189,0.420262367631,0.124124124124,0.0982158629217
0.383288196172,0.130221130221,0.157271581019,0.840294840295,0.683136004169,0.977909095039,0.945945945946,0.960874227949,0.685597926694,0.412860112165,0.467109872156,0.670974772241,0.953612148734,0.552752752753,0.786128594348,0.0445267184993
0.91129663449,0.601823789616,0.629481209191,0.277278147808,0.693409380841,0.442162887233,0.667973745977,0.282456897792,0.496341730829,0.742660185959,0.127902527578,0.0468594468594,0.987558987559,0.368597168597,0.248220442665,0.1523596135
0.716954640332,0.218714714715,0.581766856831,0.120179288109,0.43507534684,0.376063946443,0.768917017302,0.483492611152,0.10096891035,0.754416338046,0.380566349872,0.186818824226,0.744740795157,0.0415121003356,0.980513847181,0.186737867475
0.695451319864,0.230885430885,0.589652779947,0.107107107107,0.171627124507,0.13996569099,0.783783783784,0.533025417033,0.208644606435,0.587267429373,0.606646227026,0.358673280022,0.702702702703,0.702702702703,0.62396049896,0.00730730730731
0.856879582285,0.432432432432,0.737199431191,0.0419726499408,0.351351351351,9.9999999778e-08,0.707549036316,0.338961406728,0.00793247309061,0.906659600777,0.496220358289,0.0681997787261,0.651383059123,0.72972972973,0.432432432432,0.500684208713
0.74188817585,0.879008040298,0.803371656938,0.621621621622,0.391209391209,0.41491808264,0.294476118457,0.0290389991585,0.365937080365,0.776765466031,0.0562931352405,0.139615806282,0.624073594597,0.524524524525,0.894748406944,0.9092532766
0.918918918919,0.0345755698801,0.202126938969,0.1917766554,0.911852627115,0.825799290833,0.289310931487,0.778793818861,0.793714032758,0.774191289735,0.791377335048,0.0420200656963,0.810810810811,0.923841272465,0.0440681645501,0.692865369748
0.791454208996,0.91392462373,0.842279437908,0.293793793794,0.169951906794,0.290225007616,0.587390984896,0.184218632264,0.655983385521,0.608679685603,0.555456196938,0.513513513514,0.191377507033,0.349349349349,0.396059611013,0.722400751267
0.351351351351,0.614277654498,0.630720958425,0.586935351641,0.441999663464,0.658637560093,0.877527251218,0.675675675676,0.0981397716916,0.108108108108,0.971971971972,0.786119452786,0.886992114517,0.0220485972698,0.632632632633,0.662994600818
0.0174595522135,0.626520568865,0.341438384579,0.868368368368,0.629424403483,0.687763455763,0.199171721326,0.747162747163,0.928457869634,0.9999999,0.96075283204,0.118098868099,0.783783783784,0.9999999,0.447419795486,0.493493493493
0.968040376561,0.545510052795,0.12796557241,0.989489489489,0.590254464128,0.15219479137,0.405405405405,0.0833774951422,0.078437896916,0.071638854071,0.339060527115,0.768932631655,0.9999999,0.187130951176,0.562572080797,0.852226934194
0.36340418088,0.675675675676,0.606873915474,0.262563479618,0.710252093479,0.629486514949,0.771639007428,0.55542891804,0.375911923003,0.479275019701,0.341717315402,0.344281289163,0.9999999,0.847066578774,0.768799102132,0.393390097012
0.429845459178,0.572541533782,0.0220626836902,0.0199974663498,0.6610397483,0.382902565487,0.469449230011,0.106060870425,0.221220843627,0.624155405405,0.110658234536,0.106012729147,0.847521414656,0.225997425997,0.697711164079,0.712711067682
0.827962905704,0.977630310964,0.923791278997,0.646263677926,0.722047251759,0.0242822798434,0.493690239377,0.16488808718,0.700473200473,0.250746125053,0.18693558909,0.663438367142,0.226140238268,0.968058968059,0.466626626627,0.822908071435
0.621621621622,0.606904388355,0.633817874814,0.203912483912,0.253009879155,0.574633566801,0.466752723408,0.290241698009,0.14012573208,0.0661786203268,0.408408408408,0.904271240387,0.918918918919,0.108108108108,0.891891891892,0.765980731274
0.705130831519,0.855564919039,0.820806032802,0.567567567568,0.452034720625,0.466485732832,0.203742594288,0.0663859565594,0.0910561500857,0.3369467028,0.115876589155,0.373430547501,0.737265355243,0.674674674675,0.339306339306,0.0810810810811
0.503686819349,0.444959665548,0.560537082404,0.91689831095,0.526190164316,0.462114751939,9.9999999778e-08,0.429754616495,0.693149525364,0.230922651975,0.17463179889,0.808322995682,0.370766872256,0.0444444444444,0.27968067077,0.278778778779
0.901774768488,0.754030407625,0.63643918409,0.266158244576,0.157602225018,0.130223655663,0.393077948798,0.0390955787048,0.992652944679,0.921278421278,0.0540540540541,0.484002979149,0.409839311337,0.235847497983,0.0227542120125,0.0908408408408
0.724726554049,0.611646008618,0.656347020337,0.373896509575,0.258180911495,0.469219598578,0.346484329358,0.447162770001,0.857618488053,0.201301994589,0.80090990991,0.535689128282,0.307001454507,0.537823537824,0.796432796433,0.783783783784
0.287471399203,0.955539793938,0.776594976815,0.661128854773,0.474467167898,0.710026688898,0.941015646005,0.633964168211,0.103131908887,0.69998300187,0.921821800699,0.518039778909,0.135135135135,0.135135135135,0.265318436219,0.338481908203
0.611881128078,0.392989641087,0.329272332831,0.82079002079,0.825177486832,0.599531708853,0.216216216216,0.547594060663,0.759123829712,0.282974292621,0.827845530457,0.388187732151,0.344224347012,0.854984016274,0.642642642643,0.867019539433
0.744697130154,0.577484711395,0.604259413505,0.530910624539,0.823206665312,0.397551243859,0.322283995944,0.324324324324,0.864864864865,0.0293536370746,0.0296594481642,0.945945945946,0.304435975587,0.749494175026,0.861361361361,0.72972972973
0.113089588778,0.494292646556,0.619447847114,0.42521057643,0.0782559269954,0.786512859293,0.869833352592,0.643851325552,0.407599130887,0.746910572153,0.327154077154,0.423097191899,0.54815100939,0.286286286286,0.632632632633,0.742084619124
0.154536834386,0.562580491076,0.504041910974,0.218286504803,0.862279828997,0.820440392887,0.184204572586,0.68312018312,0.35382591674,0.0688636257023,0.403345140108,0.891891891892,0.248222721811,0.0540540540541,0.378378378378,0.0468501288173
0.99218050167,0.521331309299,0.105462412252,0.00713130191803,0.695278189123,0.255374518982,0.181716261716,0.0540540540541,0.466496584626,0.476810803681,9.9999999778e-08,0.692924771906,0.693222876429,0.736839403506,0.124124124124,0.0575575575576
0.845648354104,0.72972972973,0.781518187048,0.250685340259,0.241011148293,0.294583044583,0.245827024414,0.100951639262,0.403184060555,0.255375227717,0.0982478059297,0.481492592492,0.687714701208,0.0960525743134,0.00999650578065,0.108108108108
0.506134410821,0.356340432182,0.37628554144,0.324324324324,0.884161694734,0.503530545103,9.9999999778e-08,0.481981981982,0.899180871012,0.675675675676,0.879650747455,0.309671173521,0.331391966379,0.501167834501,0.406406406406,0.656582638977
0.661403338823,0.327060849245,0.486486486486,0.104034104034,0.40782823299,0.717458761317,0.810810810811,0.629372828326,0.248235455935,0.879668400795,0.328991242899,0.267545001649,0.613859866256,0.706206206206,0.584631690514,0.0242033077854
0.756756756757,0.0144499481124,0.0391393306484,0.260822323921,0.638802442691,0.771416399098,0.491465165225,0.7812270709,0.405405405405,0.393238904867,0.660979498017,0.612293144208,0.564776995645,0.769421595509,0.693250627677,0.437418443111
0.9999999,0.518470851804,0.243243243243,0.994494494494,0.418288953882,0.0121688750084,0.447385917949,0.157219404955,0.0342614634371,0.226211544179,0.302126650964,0.621621621622,0.233366971238,0.0685009333658,0.985211896716,0.850439973067
0.432432432432,0.505514509627,0.54781981982,0.166967187938,0.876957039175,0.891891891892,0.859976191586,0.874638232525,0.842764750566,0.845652992442,0.773787922198,0.652727634001,0.0761149562993,0.943726335031,0.938448156895,0.535955431087
0.945945945946,0.616913583992,0.38338105702,0.388242991595,0.201979186955,0.235652842531,9.9999999778e-08,0.00730717933479,0.545407120227,0.886981631838,0.373552693205,0.297297297297,0.319342635383,0.307207207207,0.535599639048,0.938326112083
0.0881125947039,0.53765045892,0.442297219499,0.818107963035,0.374341554669,0.690643084429,0.705303277567,0.564717145203,0.0933302802666,0.246114840709,0.807936864776,0.550326079408,0.983983983984,0.156156156156,0.896439074734,0.955534219833
0.140074194155,0.690451873193,0.554865025453,0.590063747958,0.761131501872,0.189189189189,0.879518407296,0.707602241369,0.503520283289,0.0984450586044,0.859948944735,0.780950229226,0.378378378378,0.722467147999,0.0120132136939,0.247900073987
0.30216142068,0.88932424488,0.995029275851,0.0761680522138,0.375419537184,0.778870570864,0.866940884158,0.670707083521,0.791210600187,0.9999999,0.675675675676,0.157158406846,0.584887247871,0.918918918919,0.0248325248325,0.164869094447
0.604056317624,0.307276927914,0.403313380495,0.788728302771,0.972972972973,0.437409602115,0.267814158806,0.459459459459,0.923740066597,0.577517493484,0.464239392033,0.0293364617689,0.928920990777,0.221090655873,0.619246111783,0.96092425608
0.751838508491,0.115170803627,0.609564532367,0.825506357421,0.162162162162,0.429519721899,0.815806369204,0.596987920904,0.911597527175,0.874692874693,0.415207207207,0.938217299768,0.0491547003175,0.911423618741,0.328536870204,0.424614407071
0.785844344,0.744440092266,0.879847275205,0.128030282319,0.982634808722,0.162162162162,0.479341261175,0.149953041845,0.344218975446,0.405405405405,0.0638703420284,0.451987281399,0.420151986801,0.16478978979,0.142226771025,0.218320361178
0.970171693177,0.582203918204,0.498680789416,0.48048048048,0.49873269123,0.00935430203723,0.488502897478,0.11055011055,9.9999999778e-08,0.395991910278,0.4545270156,0.100410832118,0.631188962071,0.48998998999,0.346437346437,0.904149170816
0.675675675676,0.457415840348,0.410349576095,0.0932407817654,0.958417492225,0.434708863775,9.9999999778e-08,0.346348231471,0.892892892893,0.105915742589,0.616645229938,0.793783540953,0.803189517133,0.216216216216,0.537723391144,0.506122703014
0.403237491635,0.447045685141,0.262978205628,0.228658433715,0.560491604226,0.840313579475,0.732028719199,0.652838023208,0.287762164016,0.24074553787,0.985394485394,0.353956858037,0.199058931543,0.355911467023,0.0319253311454,0.768895794603
0.117619085361,0.31948390439,0.292954876585,0.874566874567,0.612065220846,0.670696382831,0.634114151291,0.69774121948,0.369151839767,0.218614718615,0.936283342166,0.496405496405,0.481531085867,0.667167167167,0.393074689039,0.744283100581
0.120305221828,0.884536710624,0.968019008094,0.164262708304,0.965246317063,0.417564675555,0.528163379326,0.457355131975,0.424852936298,0.621621621622,0.202018637549,0.201394783213,0.699717982823,0.746984272408,0.606623197783,0.523425523426
0.862649883926,0.123069176961,0.25600332549,0.585446791329,0.656114447781,0.982216591592,0.933893005525,0.933729432978,0.476777887237,0.766712935038,0.125161253839,0.0810810810811,0.74686451157,0.100196086497,0.558142758143,0.830654867139
0.987282364332,0.00286877482455,0.0611975034825,0.833378833379,0.324324324324,0.0661077468744,0.390585728834,0.494095288995,0.00905079014257,0.289609111186,0.847219422193,0.599589221644,0.977945687623,0.786786786787,0.764649895797,0.71019855806
0.0561051838022,0.791264045552,0.818086595974,0.668221906117,0.061381882896,0.712580021268,0.349285346728,0.796614796615,0.707651047274,0.685373996751,0.245944268291,0.53803878394,0.194163905064,0.0612976612977,0.663390663391,0.444826872802
0.192140229631,0.0988112713352,0.253062024164,0.921635921636,0.648648648649,0.633693773881,9.9999999778e-08,0.648648648649,0.783783783784,0.23862479418,0.953173680847,0.567567567568,0.333907425898,0.9999999,0.0355355355355,0.348649517406
0.0810810810811,0.346402813069,0.0933576609252,0.314372400168,0.154442360098,0.911897017911,0.825714056105,0.928879090248,0.803738286446,0.959459459459,0.751788511154,0.0174924924925,0.636011684574,0.324324324324,0.592092092092,0.945945945946
0.699736621868,0.609518261082,9.9999999778e-08,0.962962962963,0.830023699589,9.9999999778e-08,0.560530341662,0.15969780404,0.0319887069954,0.759128643655,0.225913461208,0.155150118672,0.464459513682,0.027027027027,0.913941446358,0.407567451172
0.508546203107,0.459459459459,0.0195565160698,0.994494494494,0.0881227447875,0.773958275171,0.82053356944,0.690621170809,0.606814706198,0.488692774407,0.243243243243,0.38066008934,0.71534963535,0.724855290073,0.642642642643,0.0736839403506
0.76451976452,0.732520399187,0.596690556394,0.459459459459,0.383208802197,0.329151936747,9.9999999778e-08,0.115118722326,0.847591117628,0.715088536483,0.670742439234,0.516431924883,0.290180861865,0.739658025372,0.37067915373,0.508568862181
0.835190431696,0.697778411418,0.0491812534952,0.436467914455,0.0195565677905,0.206316803438,0.424607739329,0.027027027027,0.0566521098814,0.985485485485,0.425342081023,0.697912866137,0.203789996893,0.68066105321,0.179233022754,0.431431431431
0.395443846102,0.427428546698,0.670681693977,0.69532343154,0.11803142791,0.228970976279,0.645683696367,0.397856630415,0.938411384357,0.243243243243,0.196741218831,0.90900512459,0.896873492197,0.941171941172,0.498609720832,0.162162162162
0.936055988853,0.0249781614378,0.143068600515,0.69269625339,0.734584787216,0.385763455338,9.9999999778e-08,0.38306846172,0.776616971739,0.825792825793,0.451777142348,0.034951618285,0.604567089942,0.238488488488,0.406406406406,0.923437355986
0.014343283,0.65087760174,0.302016302016,0.868368368368,0.96300361275,0.675675675676,0.15735940919,0.754003059663,0.658630630631,0.9999999,0.833270191075,0.123088177394,0.933786019697,0.9999999,0.284948362997,0.887063905181
0.252877154611,0.253166376332,0.174413511256,0.231173715794,0.955686936937,0.987715628749,0.680164425927,0.948456548881,0.868368368368,0.272903848681,0.727596555804,0.577318763631,0.727491004518,0.103871313174,0.70507472453,0.297297297297
0.513513513514,0.13223658441,0.432432432432,0.626625077089,0.196686023847,0.486486486486,9.9999999778e-08,0.50432232624,0.97998108943,0.277983866219,0.710012006308,0.554951645861,0.386065907805,0.907907907908,0.157537702992,0.601829029029
0.768956890033,0.216216216216,0.599597701068,0.452357370563,0.444761310108,0.0712048533278,0.582554071073,0.171785959188,0.172079207177,0.883383383383,0.395426611019,0.21854027941,0.314315002524,0.499151325238,0.906213906214,0.616673707928
0.975660094157,0.142444602876,0.538017371051,0.0350307806288,0.356231407381,0.474328959629,0.354020498093,0.41484821888,0.75191442689,0.373548632808,0.257614757615,0.294376568349,0.825538484075,0.775275275275,0.439819566402,0.4496500281
0.707609453001,0.584795825472,0.756756756757,0.672172172172,0.122802297985,0.0810810810811,0.606792936013,0.260267079068,0.0250077663871,0.363460896794,0.0511890330118,0.646553715519,0.400401910423,0.645145145145,0.415144874604,0.112984196318
0.616737616738,0.528285070881,0.0419009297953,0.926336972127,0.943765193765,0.326929126066,9.9999999778e-08,0.132938132938,0.960947248618,0.963434022258,0.0498467670974,0.0640193265892,0.908990753996,0.972972972973,0.319444444444,0.493493493493
0.34372356853,0.272507536513,0.304342467964,0.77624449174,0.699883761176,0.931007706026,0.884733494903,0.938835280663,0.763876252866,0.579773572022,0.634416669229,0.46157666618,0.383263866802,0.140127782103,0.571857571858,0.12037037037
0.639102536559,0.54282678813,0.641346957441,0.28777052915,0.427482109198,0.587169995641,0.309336341388,0.439485308452,0.196815645162,0.704905478544,0.820817951675,0.0220808503637,0.698548172232,0.184191283482,0.501453834787,0.688063888064
0.417762024319,0.17922211756,0.398150786064,0.846346346346,0.916647450628,0.535702920369,9.9999999778e-08,0.572493216443,0.977930311264,0.184228628225,0.704745002652,0.763861639417,0.235678065927,0.628904766836,0.189189189189,0.452226343991
0.110598921639,0.437281031031,0.515696933607,0.351351351351,0.280081963535,0.607554714556,0.842405812634,0.641394745952,0.432432432432,0.449766221918,0.857579601828,0.233840397775,0.78608288654,0.429715429715,0.506099319659,0.552850300726
0.79834006227,0.565544883727,0.575269947819,0.442117315904,0.316337397817,0.413189019836,0.331410730844,0.305159735817,0.862733966844,0.044155667761,0.0618679472085,0.871888910187,0.901803523425,0.277428944096,0.783783783784,0.948454783898
0.879871514969,0.552815973869,0.692780763596,0.675675675676,0.0933054913845,0.231034404244,0.616695011474,0.241117721868,0.565450171438,0.473786490073,0.0769499658389,0.194083167675,0.808220576992,0.653562653563,0.132838721074,0.648648648649
0.587457402939,0.42535599183,0.289371419538,0.751760163525,0.749579058828,0.388284111004,9.9999999778e-08,0.326448750909,0.944944944945,0.791408662612,0.594594594595,9.9999999778e-08,0.818235873989,0.253116129828,0.427973427973,0.997065496743
0.943837514506,0.243243243243,0.361117330348,0.741911211437,0.305074442207,0.742024900164,0.864864864865,0.499481860715,0.268011913629,0.35633312476,0.148073306952,0.606968361685,0.125209955718,0.413913913914,0.520543799614,0.921890476864
0.427501966845,0.0786453119786,0.135135135135,0.778800169436,0.80109960707,0.888934539013,0.327137627277,0.911409985484,0.766740817292,0.152265255346,0.798700767254,0.882004646156,0.0540540540541,0.386886886887,0.847665847666,0.567567567568
0.0590191874904,0.55801763619,0.623637088416,0.0858457241436,0.869851696825,0.887465154397,0.972972972973,0.997027010948,0.412531878134,0.69037375761,0.558024923879,0.31932842853,0.559897350997,0.486486486486,0.776447680557,0.284843880025
0.722668542375,0.383374463357,0.122975065767,0.648648648649,0.889046349721,0.80586992983,0.240712734395,0.601900620086,0.294659596985,0.575204992226,0.0370245248163,0.437400723746,0.710138648368,0.674674674675,0.727150942764,0.027027027027
0.147971315164,0.904050727366,0.830743634749,0.971971971972,0.677816478795,0.282376892645,0.21855695208,0.194144219357,0.988988988989,0.549612112112,0.0147141078101,0.562604532432,0.71977047272,0.953113113113,0.0889222555889,0.211432538066
0.158658658659,0.705477506609,0.721996958024,0.616857363693,0.926073382164,0.631191631192,9.9999999778e-08,0.616689773553,0.670729024989,0.135135135135,0.992360781834,0.464383618475,0.572437822438,0.946946946947,0.749413873034,0.972972972973
0.776327219139,0.899890843019,0.884655364907,0.363648228253,0.995085995086,0.17417768115,0.584676070132,0.103129398409,0.0491402732377,0.594594594595,0.736966773855,0.977908366326,0.00230811851607,0.0398696568909,0.840775735085,0.493493493493
0.960424178606,0.737206903874,0.806083780218,0.198584723337,0.233344846444,0.0199130831657,0.343958107514,0.125345609927,0.061552981553,0.157296718911,0.160132660133,0.527857269034,0.766388241482,0.927427427427,0.899748669533,0.869807204057
0.773881775564,0.42305926313,0.494176619191,0.0120949911086,0.309510061405,0.307058137274,9.9999999778e-08,0.0687828209492,0.988988988989,0.596880678408,0.712670116925,0.036802760207,0.738943101892,0.744576576577,0.103123824461,0.707554205004
0.209175321154,0.0661868302619,0.191475683797,0.882382382382,0.548027421871,0.648648648649,0.208943500963,0.710138642654,0.540540540541,0.267457598444,0.9999999,0.440280787116,0.528244153244,0.741796341796,0.540540540541,0.666346188085
0.00216766918246,0.965375513763,0.982963418818,0.483499433337,0.341751587653,0.684882926937,0.834867892308,0.931050822686,0.768911768912,0.581839265008,0.169776518091,0.827901430843,0.157226149971,0.93100076821,0.614422114422,0.365840066871
0.837837837838,0.833134976926,0.948294041742,0.171208028601,0.0540540540541,0.193713450292,0.423221481769,0.0711728364224,0.316689551137,0.864864864865,0.0883657323081,0.300039950264,0.407632751235,0.872074606252,0.260609025315,0.343366519772
0.953482025964,9.9999999778e-08,0.500790219275,0.22597528404,0.100660744652,0.798260140229,0.935977288685,0.872372372372,0.810810810811,0.334287028049,0.493969740666,0.27027027027,0.317182471411,0.516071627183,0.879148055619,0.93326984843
0.569804704033,0.820471460236,0.857650224634,0.731950070876,0.11303099975,0.201464604963,0.687753913609,0.302185664458,0.304829182761,0.2480834643,0.413071523964,0.965914504886,0.0148959532219,0.110671647257,0.516129032258,0.373418362182
0.152255348132,0.540540540541,0.476480682363,0.285224589363,0.149664187009,0.0617235672078,0.434871204487,0.0982696496199,0.159854627039,0.68033162063,0.211718761015,0.282401667723,0.89434195131,0.461755873521,0.709819785421,0.375874652158
0.771587646639,0.479248917164,0.719775253756,0.144528675016,0.488596368178,0.304674239457,0.710462639076,0.451856701841,0.243243243243,0.709735761788,0.587015895788,0.147589167316,0.432432432432,0.0249545319968,0.975688419649,0.525915606328
0.250725725726,0.14722736674,0.027027027027,0.938887274371,0.894695011969,0.513513513514,0.301938986714,0.52352050846,0.955661543897,0.0612980689279,0.805842611125,0.800934050934,0.906393763749,0.293793793794,0.169351169351,0.177177177177
0.0738125795597,0.928889772722,0.771141141141,0.633636822663,0.370769955291,0.884323937464,0.80370155549,0.869584399214,0.506316481822,0.66848860695,0.351351351351,0.317282330875,0.602127895122,0.0932708409344,0.739737129568,0.0836391947503
0.329265783697,0.289844431963,0.115131608729,0.724738091207,0.913932424601,0.80349363448,0.261237704601,0.759042159042,0.982977399197,0.275264555734,0.601694365474,0.213580095933,0.493528010769,0.783783783784,0.027027027027,0.855142703285
0.176777716684,0.017415780867,0.125154599251,0.419681977059,0.307233637279,0.67865141406,0.990941393514,0.965928706737,0.483566028281,0.589977232134,0.911491159921,0.886905048058,0.0240678634839,0.483769483769,0.358892225559,0.0575575575576
0.602552337129,0.00971415633384,0.358999114973,0.39272780634,0.01714674107,0.801253086523,0.904308154308,0.879600774779,0.461891273815,0.439817704338,0.100976764343,0.759289409892,0.44973636296,0.320820820821,0.105514832636,0.312232586569
0.690429925724,0.275271247102,0.522977235911,0.140074576727,0.349085928033,0.837837837838,0.9999999,0.940973494649,0.464402778128,0.813008738276,0.618949471348,0.314337273053,0.260366622829,0.857493857494,0.655911230379,0.177177177177
0.126086438862,0.164658355835,0.0760982391358,0.486486486486,0.182155573084,0.818172909082,0.683621947939,0.847703022171,0.599448049786,0.567567567568,0.980798980799,0.110761446378,0.437435857325,0.261761761762,0.609565269968,0.749416506723
0.258256346735,0.365672353624,0.0662962096387,0.707584898126,0.636428162801,0.776380106921,9.9999999778e-08,0.72713530955,0.616662647548,0.160106161455,0.513513513514,0.341958499853,0.776309942229,0.706206206206,0.592092092092,0.992559088581
0.855588261529,0.6045424191,0.658222234117,0.345345345345,0.189189189189,0.0959532433,0.690398792216,0.279997058854,0.108108108108,0.42259510184,0.559917274632,0.0883735699446,0.943654637296,0.700075075075,0.582505582506,0.644368886793
0.304718211138,0.702702702703,0.697765202582,0.550541731158,0.333876630906,0.150121750387,0.341347061347,0.0462668035597,0.0540540540541,0.00948660317882,0.505620496092,0.992543104903,0.854938533574,0.693000693001,0.968021825165,0.896896896897
0.410403964222,0.051350576716,0.171487174715,0.86271986272,0.584922062669,0.660700510374,0.474365557267,0.715258552735,0.796118314018,0.472233427457,0.778926864627,0.420158442509,0.57012957013,0.614392169948,0.604296604297,0.198767854506
0.98010033315,0.658396983483,0.471644721645,0.432432432432,0.311592464135,0.336643461643,9.9999999778e-08,0.0858037524704,0.648648648649,0.130140551589,0.422503017226,0.928807270747,0.056224141961,0.29013013013,0.547803122271,0.825459932444
0.530570618199,0.233407719646,0.464457761333,0.65108732894,0.0958653147604,0.477131248896,0.410193729559,0.491372334948,0.9999999,0.554890684042,0.336635687684,0.149729256816,0.680671387454,0.122622622623,0.0530530530531,0.582266089619
0.277847813684,0.856938926002,0.904154114286,0.179331397513,0.179324273195,0.373400240067,0.693056791276,0.473814820788,0.550044059743,0.9042829237,0.545543672868,0.837837837838,0.0349350029839,0.555355355355,0.852080652081,0.427478339373
0.801154531034,0.864864864865,0.889657714085,0.385858141956,0.299853044534,0.27027027027,0.25543332439,0.0789897039897,0.579760845686,0.0319976138783,0.754697503042,0.899072683795,0.0661375661376,0.375921375921,0.294794794795,0.906843470753
0.955505563771,0.751862439362,0.260328464737,0.610610610611,0.688376928562,0.0493659175029,0.366245366245,0.0196025961897,0.145049447153,0.943073508291,0.0935796774723,0.417459554971,0.403252972789,0.471541308751,0.675675675676,0.56035368702
0.0469047754212,0.776080313616,0.724777198066,0.152558218596,0.48423092001,0.638718621769,0.545545095523,0.687782309673,0.668497444813,0.697931059894,0.481490607931,0.135135135135,0.731855714907,0.198948948949,0.4888592296,0.699944359603
0.0836524024024,0.759624089772,0.00499266539628,0.27027027027,0.521075448231,0.268158796666,9.9999999778e-08,0.201422861507,0.82080831947,0.616659763211,0.238365831689,0.285119902511,0.675675675676,0.0755755755756,0.715473048806,0.351351351351
0.537791089242,0.100815100815,0.39309463682,0.405405405405,0.33895901981,0.737068727018,0.997422933278,0.9999999,0.378378378378,0.670747826934,0.788657423408,0.16981981982,0.612345339046,0.404904904905,0.0194634488681,0.0349798617515
0.162162162162,0.472178355317,0.113020278343,0.955888091481,0.466773724079,0.965810726601,0.800849258474,0.916389166561,0.781172685896,0.517616766909,0.567567567568,0.643752849442,0.27027027027,0.889082631018,0.0982733505905,0.103194103194
0.0319459332925,0.87227829966,0.921344136883,0.427666797232,0.147895606695,0.753885143031,0.213937742548,0.702702702703,0.339230770092,0.953316953317,0.74697337074,0.553322553323,0.267483350509,0.113050550551,0.78875260803,0.477058932504
0.21911405569,0.390431996789,0.0150087565107,0.162162162162,0.828343728344,0.793792322815,0.980037992855,0.970548756905,0.584668314508,0.601735068402,0.825568263834,0.557802769212,0.245291353761,0.585354585355,0.721864721865,0.0886769122063
0.948208312889,0.9999999,0.891891891892,0.940942338987,0.621621621622,0.221026858323,9.9999999778e-08,0.0221199876749,0.914015229805,0.545031518004,0.00471006488118,0.545543690368,0.717409301193,0.152252252252,0.657881762359,0.294665294665
0.860410288634,0.699996112617,0.72972972973,0.459459459459,0.400401262589,0.322286543891,0.211356069804,0.170050628056,0.830653039719,0.640708669835,0.366081421865,0.0933240933241,0.75934133675,0.716216216216,0.926628472083,0.289980968093
0.224054972847,0.149781360308,0.0981114073379,0.53560340001,0.752415336685,0.845114227377,0.235891490747,0.825708699475,0.921431635717,0.319427819428,0.596673979335,0.574698012078,0.724763060933,0.503685503686,0.481815148482,0.0711208102512
0.0221939366786,0.781001792961,0.808004551696,0.0617408649525,0.854951605881,0.655757455516,0.749706839138,0.668442824192,0.450053537144,0.867570049388,0.198661178859,0.467000333667,0.22846479473,0.174397254397,0.946946946947,0.0315315315315
0.731764907765,0.364158275923,0.521484422874,0.0470095095095,0.425203767974,0.420402067736,0.457293414572,0.432432432432,0.415167440167,0.375598494628,0.441809551487,0.375782562223,0.567567567568,0.667167167167,0.668454550807,0.364135564136
0.666170107115,0.3314718227,0.390538223749,0.614181749317,0.250506138904,0.113075029201,0.641165742697,0.179244179244,0.137147041034,0.216216216216,0.176987113696,0.957972429367,0.00750111813942,0.547724194783,0.964994282986,0.624473719951
0.950926057342,0.940965284237,0.761689960002,0.449483084253,0.557707530511,0.341600747089,9.9999999778e-08,0.088259599163,0.370583924926,0.408060077368,0.216216216216,0.700635700636,0.341347955885,0.766458766459,0.992451225009,0.13795075864
0.309476669098,0.76952817224,0.731807831223,0.402940984463,0.245808345393,0.872355449422,0.928506401138,0.862044055387,0.390470866769,0.938879177685,0.928915094759,0.683454363454,0.20898411188,0.202702702703,0.567567567568,0.0410982410982
0.009946806508,0.621621621622,0.353641312545,0.47152592485,0.368417474078,0.666139558031,0.30694344279,0.774666232498,0.732210800221,0.783783783784,0.783783783784,0.20418018018,0.916492644597,0.727433315669,0.577554093683,0.653405993011
0.977796312628,0.501056960138,0.196455539268,0.624114568815,0.208404259181,0.317267885169,0.179404525659,0.130493943636,0.341364806082,0.537802508391,0.533439280606,0.830695133388,0.113092822552,0.561561561562,0.0590590590591,0.143100847326
0.361303272184,0.137438725116,0.346373729352,0.800972024656,0.63409343246,0.668590999026,0.288152879454,0.705235638643,0.633677459049,0.113042873269,0.893950627082,0.586945920279,0.348631937165,0.719957245381,0.672807422807,0.847444286392
0.931443482005,0.00427387060826,0.0713193084577,0.516220709488,0.658259802219,0.861886070181,0.955632530012,0.995853649485,0.567567567568,0.279374110953,0.896894423639,0.71217514858,0.456954206546,0.302211302211,0.781744430998,0.773972648145
0.461608504291,0.886941984059,0.850089121512,0.327063449588,0.992628992629,0.50648970649,0.177072911035,0.412665767504,0.297297297297,0.464380978832,0.668492132108,0.542664900057,0.256000828415,0.0170596128043,0.164869623585,0.228352291171
0.337209799909,0.900972845072,0.901845637787,0.299744049431,0.211253900636,0.55760289762,0.872178557843,0.306797948391,0.191527867681,0.27027027027,0.678511234514,0.896890679499,9.9999999778e-08,0.0465131798465,0.344326782923,0.0665960077725
0.29436895459,0.211429059914,0.154682367491,0.135135135135,0.447370565063,0.864864864865,0.938386333812,0.892892892893,0.601666927241,0.194058152112,0.468895804639,0.44502024148,0.938845936401,0.275184275184,0.9999999,0.977879126804
0.899043282509,0.665790303923,0.179194636059,0.329033398478,0.555350840333,0.356339538045,0.369331831832,0.0493412993413,0.272703454855,0.0832100710482,0.0731860893151,0.864864864865,0.10095156472,0.565208065208,0.23554764956,0.864864864865
0.206302893803,0.155152064453,0.250465638052,0.87250408303,0.697870532403,0.580051035374,9.9999999778e-08,0.582557938947,0.724940626901,0.0342917380493,0.889847553231,0.933282990065,0.852346534859,0.650650650651,0.208444399456,0.309356476896
0.892892892893,0.829916452753,0.906558455437,0.0718182971704,0.643738732853,0.0342521835145,0.386131007916,0.03419819882,0.00467038587716,0.027027027027,0.378378378378,0.995495495495,0.923848319619,0.00970200970201,0.240526240526,0.257797674976
0.671040486106,0.294841266026,0.518086975865,0.628636197634,0.120310183601,0.400799295536,9.9999999778e-08,0.375982965956,0.926763973276,0.653193193193,0.584862699391,0.332194338759,0.329315821172,0.927427427427,0.302253670675,0.81581121289
0.442282531494,0.297297297297,0.0959858181255,0.901126126126,0.773859797297,0.695569651498,0.773819190874,0.656115276424,0.552993472514,0.211422680498,0.332145975763,0.49071628019,0.513513513514,0.621621621622,0.436836836837,0.828334898605
0.990532905787,0.299616071768,0.0851699423128,0.795924299477,0.229108284865,0.540540540541,9.9999999778e-08,0.393058847628,0.543089079111,0.837837837838,0.154607404607,0.0737613096468,0.550061558305,0.810810810811,0.40086651537,0.9999999
0.272424598512,0.992405546992,0.916732485406,0.422490057625,0.0810810810811,0.533214942587,0.572443523663,0.479411638002,0.279458084038,0.501351123506,0.241034137586,0.506090539233,0.223644870704,0.313313313313,0.889511164249,0.985055584349
0.0860532525797,0.881990436735,0.99756592333,0.031519019019,0.353779639054,0.732394054582,0.985414067171,0.923728989915,0.442091929063,0.656305564562,0.913935623507,0.0121370008056,0.936018711019,0.147285747286,0.746965146965,0.555347679948
0.0761512263014,0.660900080034,0.569775658011,0.540540540541,0.186515232873,0.608724331268,0.226152348444,0.621621621622,0.805874197179,0.928402086297,0.604569257462,0.0318911232988,0.768953223277,0.362362362362,0.307089698394,0.970585970586
0.44997462251,0.152237108975,0.336465563925,0.0731247853019,0.0148419018008,0.788757630027,0.388229499341,0.788539290041,0.444680685076,0.909189189189,0.683578438251,0.226199172145,0.791296313035,0.282642642643,0.417711829477,0.538310094327
0.864864864865,0.419871940558,0.368490351199,0.280201748969,0.176503808462,0.204010998934,0.651135623688,0.370815287399,0.435401102879,0.467332428789,0.79608566642,0.972972972973,0.0317793002766,0.543257543258,0.990340748199,0.282386633738
0.58458987389,0.38562244555,0.454615416716,0.0244814222963,0.874858148637,0.899632898583,0.921041117967,0.829875827688,0.3976485606,0.11094695227,0.0318497937765,0.874861572536,0.390673560639,0.823251823252,0.130260695478,0.461561698248
0.592478842479,0.522984843373,0.427546258532,0.115212906258,0.872013427569,0.0931828984345,0.715044411637,0.277902935598,0.125395399053,0.636530790609,0.793439148487,0.737469630955,0.0810810810811,0.137343955526,0.127353159611,0.360606508147
0.518485354861,0.0413041613042,0.479229568782,0.561561561562,0.193938369788,0.471563093542,0.798703289288,0.552599213109,0.513513513514,0.872592592593,0.432432432432,0.901546435793,0.041338736506,0.524524524525,0.486486486486,0.201854851697
0.710407135694,0.990087865643,0.9999999,0.110647243561,0.198822157266,0.515616922334,9.9999999778e-08,0.437433728328,0.43967843559,0.295043402264,0.850570151384,0.845742475879,0.147486936478,0.0299227799228,0.238813281366,0.27027027027
0.64380719302,0.263200815494,0.484232611741,0.663396638773,0.103645743232,0.247383720413,0.579589563137,0.396148148148,0.82504804456,0.540540540541,0.00940948747539,0.722714730699,0.756756756757,0.434889434889,0.959974108384,0.105999616638
0.225412134126,0.760923423423,0.690445262538,0.572560707781,0.724801111941,0.807953899846,0.856946229815,0.776144565618,0.393389064944,0.385626590446,0.697716303664,0.749706088385,0.0639452508889,0.105167667668,0.565545938095,0.805865169873
0.0690077832935,0.891891891892,0.931092536678,0.132812395107,0.510558990379,0.122921872156,0.823161383198,0.665843530474,0.771225771226,0.646205399354,0.771609447285,0.361073135392,0.523480096148,0.658476658477,0.720605220605,0.329292024944
0.0987870087177,0.570515402114,0.650685650686,0.918918918919,0.933825694932,0.344248554775,0.402890807954,0.390721761719,0.395403593018,0.0589441744297,0.07154522944,0.980398766113,0.861862352008,0.0491116116116,0.861361361361,0.447097647098
0.4844625253,0.594594594595,0.285115303983,0.398102800787,0.567567567568,0.100499777756,0.570311131866,0.174854361295,0.166811248014,0.923832923833,0.834918457407,0.818207918823,0.139896994787,0.393370469706,0.383152383152,0.191404232221
0.474175039593,0.407747621483,0.0590451848377,0.948573573574,0.0122392191358,0.105896042027,0.589603322981,0.189189189189,0.154558351319,0.847665847666,0.462059022445,0.370620620621,0.262995212786,0.3001334668,0.665706315453,0.439963523733
0.565124076041,0.189189189189,0.459459459459,0.690638006427,0.135135135135,0.0840789985583,0.44954364728,0.294378190845,0.45721317231,0.633728529753,0.287291964862,0.408038452312,0.28478799724,0.802302302302,0.351351351351,0.776598130623
0.788702676861,0.203901982261,0.663545616566,0.03604125865,0.230758071842,0.555333372958,0.727289728273,0.540540540541,0.530617199769,0.22110011713,0.230900718409,0.608885267177,0.510947689457,0.863863863864,0.474363252141,0.00215366882034
0.525563228651,0.117995382317,0.562575136197,0.440114443946,0.285275432781,0.250476437976,0.994998009766,0.980449763843,0.106050395194,0.665970420069,0.958707530136,0.132868717774,0.95085995086,0.0755755755756,0.174228774229,0.0172339827512
0.477183305755,0.587330861182,0.545498144384,0.0029785491052,0.646609020632,0.923410516534,0.751774142056,0.852311460684,0.886977886978,0.687908524489,0.44996978686,0.00500057830821,0.778903424497,0.733233233233,0.559864212038,0.246176000562
0.877201679858,0.631601867527,0.646592829389,0.432432432432,0.496465369128,0.280046280046,0.189189189189,0.0760919159221,0.837837837838,0.643675088701,0.235461267719,0.0490892812429,0.880880880881,0.381125806658,0.868998868999,0.464462796382
0.540540540541,0.415173488344,0.488829143279,0.793585364081,0.891891891892,0.457025924075,9.9999999778e-08,0.46941449505,0.950780756583,0.0787733414626,0.720400462286,0.739423201436,0.351351351351,0.195195195195,0.216216216216,0.518474781459
0.412475968032,0.187138278343,0.0298285615421,0.971971971972,0.552682029682,0.545142715077,9.9999999778e-08,0.528511620556,0.975964106399,0.0369103750112,0.552899487343,0.77130977131,0.930950713559,0.293793793794,0.0810810810811,0.230961840027
0.241023632328,0.169727104153,0.0686895543671,0.950807950808,0.518194923258,0.860592889954,0.829921401964,0.771248485534,0.57056122002,0.390440321557,0.842779152156,0.619280297246,0.427559434849,0.793766739713,0.837837837838,0.253160221175
0.852807222006,0.756756756757,0.683532702607,0.201561561562,0.329064106842,0.211237439761,9.9999999778e-08,9.9999999778e-08,0.38330956655,0.309330506978,0.137209895435,0.287745576902,0.800814245515,0.413913913914,0.226091476091,0.532536427478
0.607443760896,0.801778156109,0.862737041825,0.368608758853,0.152427351823,0.353819132161,9.9999999778e-08,0.209201811511,0.302220511366,0.950888388388,0.530659421184,0.027027027027,0.461957479868,0.349349349349,0.464297630964,0.889515263767
0.135135135135,0.842831779795,0.827896059812,0.734734412628,0.0562960220494,0.292404304838,0.19357164771,0.218286779931,0.813141909032,0.179392379392,0.253164766977,0.86236760465,0.0934945640828,0.349349349349,0.530741267583,0.732607558404
0.481496988223,0.236199502255,0.363628864916,0.381881881882,0.164843806109,0.274519871606,0.60218750396,0.405405405405,0.351351351351,0.830185023733,0.72972972973,0.427590770687,0.221096582964,0.452088452088,0.250344462109,0.791357611186
0.810810810811,0.724857848296,0.714927015521,0.756756756757,0.744736787662,0.407763851807,0.508803958143,0.00292818151388,0.177170435318,0.985485485485,0.0124749730942,0.547579075138,0.275195473697,0.0197644452964,0.435414435414,0.881993835941
0.653635535988,0.027027027027,0.213645536391,0.18626110518,0.882602325509,0.589852356921,0.886936850792,0.744094412884,0.292788217399,0.516447254503,0.429849538658,0.338470234941,0.87691422766,0.850110980546,0.0150102255365,0.243243243243
0.0393064949866,0.938142350864,0.926720672285,0.0909631092279,0.652859044612,0.523351028747,0.162162162162,0.577051158301,0.916815601026,0.543323513473,0.220968391071,0.32924078097,0.626558095694,0.033033033033,0.601824046268,0.599576228646
0.407812223989,0.257454175487,0.248053006567,0.710168261672,0.449733933297,0.904361641787,0.923590937579,0.766715597387,0.518466132328,0.430321558351,0.2923798434,0.469364652611,0.958177689885,0.371095233164,0.115747326274,0.196830314477
0.184293204095,0.491272804336,0.0319080753049,0.0810810810811,0.771701538534,0.960117199949,0.953101565888,0.967970438683,0.643688765871,0.66274437703,0.648648648649,0.798385171286,0.179569179569,0.422475106686,0.761287603393,0.0299724644773
0.488701056269,0.32145663105,0.218572099526,0.476781128955,0.0909715906031,0.854948165463,0.277501995101,0.793748486818,0.609439628308,0.857508671462,0.57973664531,0.306495969654,0.503607071942,0.28024024024,0.741751275085,0.336630748395
0.201488974882,0.707607991133,0.601649315651,0.618689660582,0.847767767768,0.857680218672,0.629141417463,0.790965060498,0.489324397466,0.314468481497,0.982582582583,0.580109521286,0.0737897946081,0.362362362362,0.513513513514,0.9536056243
0.572555178265,0.623794803274,0.76658039599,0.0171011904442,0.887256625995,0.970159348538,0.272905526986,0.717187935162,0.311909908732,0.383377440205,0.193980497351,0.171408250356,0.81307616867,0.891891891892,0.314543114543,0.250604391013
0.467365125593,0.348754040384,0.344145140165,0.381881881882,0.268166402495,0.314871918899,0.555097723735,0.285147486883,0.017287191741,0.9999999,0.599572838608,0.346352975492,0.240962825698,0.440940940941,0.191278234756,0.876998892663
0.842470085148,0.783783783784,0.786764376317,0.331665371979,0.206847379924,0.184251072083,0.734697918237,0.223852626083,0.516147170576,0.661467437587,0.167145493529,0.198708142104,0.520565133379,0.0859555207381,0.299551540931,0.07878466702
0.499002894433,0.405405405405,0.184797388187,0.764077671534,0.275186560423,0.663465649815,0.781191347598,0.52068873182,0.206350522301,0.702702702703,0.355464159812,0.47426570956,0.309436684383,0.459459459459,0.186912186912,0.0363466915191
0.562627501844,0.314507964579,0.400415752106,0.72972972973,0.596964957054,0.530567207373,0.167056986729,0.535570953598,0.85523454489,0.419555555556,0.547561268182,0.432432432432,0.398356544698,0.125327859505,0.850122850123,0.717438011194
0.464381927984,0.793666865713,0.787854879008,0.552556368312,0.616788038936,0.4644592716,0.314342756112,0.162162162162,0.240602148648,0.00295840289021,0.105386237301,0.997542997543,0.405405405405,0.601857176325,0.0292286638916,0.177177177177
0.692823075176,0.12516457344,0.643866206256,0.538464419213,0.0221428703402,0.390543100819,0.511204345139,0.461644228498,0.213392187471,0.889527208368,0.00795240845356,0.695032685673,0.806097546764,0.496225955685,0.483590733591,0.171756171756
0.494062690141,0.240673663354,0.366024486024,0.216216216216,0.987647441256,0.94393538838,0.92670762091,0.977860035262,0.528382111527,0.292309974774,0.780989553786,0.494089465188,0.277718546949,0.326781326781,0.812905156079,0.874445340863
