P1,P2,P3,P4,P5,P6,P7,P8,P9,P10,P11,P12,P13,P14,P15,P16
0.01246,1.3165,0.4614,52.347,1.4208,1.605,8.8528e-05,4.8536,31.411,4.9634,1.1132,2.2461,4.2313,424.95,4.2647,35.671
0.0041415,0.003538,0.0012395,78.624,1.1861,1.6299e-05,0.00035379,1.5014,0.50241,4.2823,0.0012447,7.5551,94.574,422.59,5.3283,64.013
0.043122,0.01862,0.039829,76.502,0.014339,0.00048294,2.458e-05,0.04255,0.91569,4.4533,0.0099769,2.9226,9.3253,417.65,4.4012,15.329
0.045364,0.35888,0.07917,73.9,0.46743,7.2908e-07,4.0407e-05,0.015534,0.0049834,3.2348,0.0073387,2.1808,6.5779,417.53,5.8846,56.08
0.022312,0.019329,0.015522,101.35,0.69106,0.2325,1.2023e-06,0.81862,0.63087,0.46112,0.9981,3.3232,199.78,405.06,5.1082,57.561
0.014661,1.0141,0.35267,54.622,0.1552,1.6481,5.041e-06,4.287,18.367,4.6348,0.017611,2.357,6.4966,424.99,4.2332,18.331
0.036048,0.037381,7.6693e-05,119.98,1.5935,0.41476,1.2833e-06,0.78799,3.6921,4.7909,0.045359,2.8571,2.9917,422.32,5.7107,63.963
0.018821,0.02087,0.018024,70.991,1.2907,0.32284,0.0045219,5.8019,2.1175,2.9283,0.092965,2.5672,15.571,412.51,4.4959,13.739
0.017382,0.066887,0.047511,62.411,1.522,0.49352,3.9723e-07,0.75468,7.5038,0.084956,0.025896,6.7849,2.8191,413.26,5.0154,46.608
0.021287,0.019735,0.015521,104.35,0.68927,0.22785,1.4688e-06,0.81672,0.90159,0.46103,0.98842,3.2717,3.2152,424.55,5.3253,111.88
0.0099168,0.18758,0.11587,81.568,0.32419,0.12437,0.00016723,0.72128,1.2816,4.2499,1.2256,1.9525,181.08,405.41,4.8199,42.035
0.056884,0.010178,0.00069643,116.24,0.84571,0.58308,2.1568e-05,1.5451,6.2062,2.4562,0.078638,3.1155,5.091,424.03,5.0543,14.215
0.0072297,1.4037,0.69516,52.616,0.92693,0.14064,6.4975e-06,0.39609,7.7754,3.0126,0.013369,2.8408,7.0107,416.12,4.5651,40.852
1.7705,0.0024597,0.0018293,103.33,0.079911,0.00096503,4.8982e-05,0.13217,73.232,2.5283,0.45816,2.5002,105.89,422.39,4.8175,67.403
0.0418,0.073496,0.032818,75.614,0.16869,6.3964e-05,6.711e-05,0.034496,311.63,3.105,0.15424,5.2813,1.9841,415.47,6.0053,13.821
0.0019006,1.106,1.555,52.687,1.1501,0.00018904,0.00026383,1.2503,2.5594,3.1877,0.071896,4.3886,13.14,423.66,5.8441,20.142
0.029603,0.025111,0.013738,95.275,1.2222,0.069012,6.7913e-08,0.2338,0.50657,4.0318,0.069051,2.9536,2.1609,409.15,5,42.896
0.0191,1.6096,1.4698,38.191,0.34018,0.013037,2.1529e-08,0.04057,0.073628,4.9999,0.0044445,2.7388,17.361,405.43,4.48,14.49
0.0097704,0.041796,1.1716e-05,83.464,0.087136,0.1455,4.9583e-10,0.69435,0.0016514,4.7466,1.16,1.477,5.9845,414.49,5.2174,133.5
0.005262,0.39203,0.35942,57.677,0.74849,0.86276,0.0002774,3.0661,32.468,4.378,0.013206,4.5803,1.8442,423.05,4.3878,42.341
0.094601,0.56335,0.11284,64.406,1.5727,0.087857,1.814e-09,0.038139,122.5,4.6948,0.031745,1.4289,95.9,416.79,4.3534,86.449
0.041387,0.025387,0.028194,44.331,1.2413,0.95337,0.00017356,2.0498,0.58291,0.18113,0.056894,4.9034,183.13,411.61,4.4552,34.08
0.023036,0.021344,0.010277,84.959,0.67185,0.41299,1.4965e-07,1.1641,0.56993,3.9038,0.1028,2.7255,4.156,410.36,5.0992,55.972
0.081077,1.7965,0.69941,75.599,0.04105,0.017077,9.4831e-07,0.012207,2.1083,4.8736,0.056746,3.7674,2.0822,407.46,4.5742,45.126
0.14023,0.087883,0.061972,76.234,0.19004,4.9321e-05,1.9667e-05,0.024489,5.8726e-07,4.3344,0.053592,1.6133,13.425,423.03,4.6757,54.107
0.031891,0.02513,0.0048142,87.189,0.18799,0.060499,3.5268e-09,0.15719,0.038112,0.81116,0.017913,4.4664,2.1658,407.6,4.7243,22.812
0.012339,0.16897,0.098382,51.15,0.24946,0.21982,5.3099e-07,0.77121,0.6771,4.6876,0.031035,1.8252,11.178,411.01,5.4498,33.06
0.18989,0.68346,0.76536,73.577,0.032957,0.0047455,3.5362e-05,0.037161,1.5024,4.9965,0.0039085,3.1499,5.2307,424.74,5.3337,24.87
0.044458,0.01966,0.010658,76.189,1.3521,0.10352,6.0112e-09,0.2883,0.005223,0.49903,0.012146,5.2958,2.5629,423.09,5.3585,44.933
0.018618,0.01217,0.0086571,105.94,1.0264,0.14585,1.8701e-08,0.69527,0.023325,0.0085401,1.5126,3.785,9.0407,405.14,4.3897,84.956
0.031289,0.24004,1.3917,85.315,0.027409,6.3645e-07,5.1118e-05,0.065775,5.9498,1.9987,0.035377,9.3874,1.223,420.52,5.1374,89.549
0.01024,0.041109,0.013773,50.46,0.33465,0.22583,4.7423e-12,0.84487,0.7231,2.0623,0.08764,2.0062,5.6191,405.98,4.7786,118.98
0.13359,0.0075068,0.0030442,75.994,0.24943,0.33755,7.8704e-05,1.3561,2.9782,1.7003,0.043607,3.6342,199.96,410.12,4.8488,76.881
0.08116,1.5099,1.9902,45.191,0.025373,0.055727,1.1628e-06,0.076062,0.47596,1.0521,0.335,5.7062,2.0911,424.06,4.141,27.452
0.0129,0.016383,0.0053708,91.966,1.7009,0.44503,3.2114e-07,1.9497,0.40422,0.72342,0.96394,4.4143,198.98,407.08,4.7603,13.857
0.025143,0.022595,0.011237,98.09,1.1166,1.5001,2.5376e-06,4.7547,1.3121,4.9997,0.16904,2.6426,3.4989,415.75,4.6149,14.55
0.0077549,0.1479,0.049332,109.21,0.12538,0.59336,2.8804e-08,2.0455,4.4034,2.7187,0.84587,2.7592,2.4799,424.15,5.0005,100.77
0.036776,0.03543,2.8609e-05,120,0.056942,0.036718,5.4823e-05,0.14687,0.001172,3.3684,0.084213,2.0492,15.7,415.51,5.3753,31.109
0.048347,0.02867,0.02104,84.257,0.90333,0.86974,0.00053479,1.5524,0.74297,2.8942,0.83905,1.9082,4.3588,424.22,4.0124,85.022
0.041832,0.046279,0.1232,43.699,0.0049623,0.00024825,6.9762e-05,0.039459,144.64,0.048555,0.044044,9.7327,96.92,420.42,5.1723,198.85
0.046809,0.092174,0.11011,82.442,0.64323,0.048392,1.5207e-05,0.10199,14.658,0.70578,0.23257,3.2518,2.8095,406.28,4.5484,97.272
0.026073,0.02231,0.020817,102.79,0.27048,0.027693,7.9713e-05,0.25605,0.43932,1.1386,0.23053,2.5571,14.823,408.12,4.3809,43.805
0.038468,0.014694,0.0011141,83.699,1.6466,0.0713,6.5896e-09,0.17321,0.064492,0.23509,0.068923,4.7081,4.1804,405.86,4.2618,36.192
0.038861,0.026022,0.017796,60.718,0.15158,0.66195,3.2842e-07,1.4206,2.5792,0.83288,0.13083,3.2828,30.098,417.53,4.2206,40.089
0.03153,0.015963,0.012664,87.031,1.3864,0.037519,3.3383e-08,0.12585,0.010278,1.9495,0.12511,2.5417,200,405.01,4.4451,58.249
0.013171,0.94939,0.88794,48.727,1.0856,0.04235,6.4496e-05,0.12068,1.0709,4.9867,0.012434,2.1289,11.928,407.01,5.8889,14.476
1.6812,0.26918,0.004852,45.017,0.39386,0.0073198,1.3441e-07,0.014198,0.092162,2.7108,0.00022377,3.9997,9.7925,405.06,4.9963,14.184
0.048306,0.047076,1.5921e-05,120,1.5506,0.053088,2.7434e-10,0.076166,0.048728,5.5077e-06,0.04316,6.0626,197.91,405.89,4.119,17.87
1.7483,0.013703,0.012256,54.864,0.032589,0.01875,1.7691e-06,0.055713,0.01408,3.7799,0.25943,2.8363,4.0408,424,4.638,37.026
0.016153,0.044452,0.035975,106.58,1.4824,0.010234,7.35e-11,0.04207,0.055621,1.4974,1.8829,3.8208,2.0778,425,4.745,51.853
0.13331,0.031406,0.010338,83.026,1.7497,0.072589,3.8984e-11,0.065049,12.14,0.044216,0.013751,5.2482,4.4923,418.04,4.9995,47.319
0.22276,0.15275,0.042175,79.095,1.3988,0.055168,6.3157e-07,0.0452,98.648,3.4286,0.038606,2.1886,8.6138,413.76,5.2357,18.132
0.018073,0.54761,0.54456,36.778,0.070362,0.15105,3.5868e-06,0.21171,109.88,0.021535,0.00436,9.4256,1.6254,408.62,4.6112,31.228
0.019035,0.012334,0.0041403,48.234,1.1229,0.58829,7.4821e-08,2.5136,0.023952,4.6948,0.01246,2.7156,4.1432,405.78,4.437,55.041
0.10609,0.28235,0.3035,105.21,0.04703,0.0095858,1.9898e-06,0.030245,93.563,4.8534,0.0066139,2.6276,4.9544,424.24,6.5659,92.797
0.0047561,1.8701,0.015336,30.649,1.301,0.043284,6.9873e-11,0.13958,110,5,0.03022,3.8652,1.917,416.28,4.8914,67.833
0.093709,0.052162,0.071055,78.84,0.066429,0.15054,1.5686e-08,0.22001,0.29978,4.6941,0.078632,2.1092,6.9346,405.13,3.9193,21.802
0.07451,0.085728,0.023236,86.539,0.020688,0.012462,7.6534e-08,0.017113,0.38548,4.9998,0.0082454,2.8508,3.4732,425,4.902,66.274
0.029205,0.0029597,0.0018745,119.42,0.3813,0.45085,5.7032e-05,9.9773,7.9928,0.04321,0.17568,2.1565,8.2095,424.36,7.9078,113.09
0.019869,0.030952,0.0336,44.708,1.6278,0.94796,0.0076715,6.9255,7.4784,2.9199,0.067563,2.2741,7.9953,416.39,5.0471,17.813
0.0088183,0.058311,0.066771,52.703,1.0696,0.58149,0.0035237,7.7195,7.7592,4.8405,0.040625,2.7895,6.3103,416.44,4.8925,14.127
0.02029,0.027119,0.0038791,119.97,1.176,0.067293,4.4096e-13,0.18563,0.82353,4.253,0.4419,3.3687,2.3844,407.48,5.0266,16.723
0.0091246,0.033748,0.03646,53.854,1.7393,0.22047,0.00091492,2.5851,6.6355,4.9778,0.079211,2.5915,5.2307,405.42,5.2775,27.775
0.01412,0.47211,0.036954,30.028,1.6816,0.0091781,6.9958e-06,0.059985,17.525,3.2145,0.016687,7.966,1.3312,408.44,6.1008,113.32
0.015497,0.016513,0.0079377,101.2,0.17645,0.85974,1.3488e-06,2.4597,0.41739,2.5937,1.8594,3.6231,2.0762,425,4.2569,58.274
0.1321,1.7911,0.36823,64.549,0.20999,0.014938,2.0672e-11,0.027071,3.7251,1.2058,0.055869,2.6665,2.8267,416.01,5.2197,95.669
0.037568,0.057704,0.01468,36.861,0.6578,1.3606,1.7772e-06,2.4661,0.19026,4.6288,0.029234,1.2808,20.284,424.97,4.5927,79.805
0.035631,0.025936,0.011945,95.401,1.1895,0.098913,1.9387e-06,0.28434,1.0436,3.0376,1.5967,2.7772,2.3474,412.96,5.3086,55.902
0.03894,0.052713,0.073852,42.299,1.6733,0.66375,0.00061753,2.2121,2.1368,0.0018859,0.050051,3.9842,5.1568,414,4.75,15.292
0.092601,1.0228,1.5707,92.547,0.071737,0.016969,1.0395e-07,0.022417,13.102,3.4117,0.013171,2.4952,7.4964,422.51,4.9464,31.274
0.042969,0.021651,0.18931,43.294,0.011253,7.4371e-08,0.00010249,0.35722,1.8597e-05,1.0793,0.026512,3.8466,12.056,423.06,4.5666,31.317
0.051104,0.072002,0.058588,88.516,1.1097,0.044919,1.5847e-05,0.10471,0.029252,1.0254,1.3311,2.9689,2.7747,423.16,4.7316,69.92
0.065124,0.054428,0.047169,101.22,0.094328,0.020556,1.5718e-11,0.03392,0.16622,1.1494,0.012273,4.3634,3.0603,411.29,4.3806,35.002
0.022659,0.52945,0.41003,82.178,0.078384,0.036122,7.7099e-07,0.030948,56.166,0.29165,0.021587,8.8389,79.437,420.35,4.9625,14.573
0.0129,0.031241,0.0095619,68.979,0.075092,0.44601,3.8057e-06,1.5673,0.20129,4.9399,0.10335,2.4192,2.6972,411.59,4.3333,73.855
0.017213,0.0066726,0.01429,73.157,0.025731,1.4885,0.00010341,5.9932,2.3244,4.674,1.6003,3.745,2.171,417.26,4.2419,36.381
0.092719,0.0065034,0.0048276,39.077,1.7199,0.22822,0.00013152,0.95374,0.29047,1.8036,0.051651,2.5822,6.1777,423.39,5.2775,46.189
0.040614,0.029139,0.012677,53.903,1.4643,1.3705,3.2209e-06,2.9309,0.14643,2.7318,0.07856,1.7697,84.813,405.1,6.0556,52.699
0.1011,0.024652,0.068295,37.453,0.36834,0.0090072,8.8337e-05,0.083587,111,4.8533,0.092346,1.6125,72.606,424.59,4.137,34.113
0.0067765,0.064935,0.026049,85.384,1.2226,0.27927,6.4357e-05,1.3613,0.26242,4.9885,0.10364,1.9375,188.46,409.83,5.7209,33.512
0.010847,0.58645,0.35011,56.29,0.55794,0.16223,2.5125e-07,0.5697,0.61451,4.0702,0.054187,2.3715,199.97,415.78,4.7625,24.861
0.014367,0.017687,0.00044561,119.96,0.96441,1.6452,4.2397e-05,7.3276,3.7667,3.3129,0.033711,2.5658,199.97,419.88,5.1645,50.295
0.030697,0.021252,0.0028539,42.051,0.013849,0.12608,9.9001e-08,0.30137,0.15429,3.4998,0.11087,2.5758,2.6072,422.82,5.8995,63.78
0.015449,0.0072624,0.0024154,119.98,0.099164,0.023277,0.0013146,8.1204,9.2037,0.24453,0.017993,4.2894,7.6792,421.75,5.2371,23.533
0.00808,0.51194,1.0774,56.117,0.34908,5.1136e-05,0.00056741,0.95432,15.202,5,0.39108,2.7885,4.0045,424.17,4.7278,14.317
0.03853,0.049626,0.0050942,89.361,1.4936,0.015616,8.8381e-09,0.023649,0.091124,4.9855,0.0050182,1.8858,196.52,410.94,4.7225,54.494
0.6552,0.026828,0.012868,59.175,0.46211,0.022259,1.7526e-09,0.017321,1.238,4.3148,0.033297,8.7828,1.3228,410.31,4.3334,36.497
0.02368,0.0079492,0.021535,120,0.0058744,0.035641,5.0592e-09,0.24171,0.074629,3.4665,0.019146,3.531,12.029,424.68,5.2369,67.466
0.0098664,0.08553,0.036391,85.052,1.2232,0.6009,0.00012323,2.357,13.637,4.5742,1.1501,2.7656,10.687,411.01,4.8362,22.47
0.055735,0.049915,1.0588e-05,88.686,0.8151,0.054007,2.4639e-09,0.083156,0.060743,3.4264,0.049443,1.7681,7.6495,409.4,5.423,27.65
0.007892,0.037781,6.3153e-05,31.067,1.3983,0.32285,4.1832e-11,1.5933,0.1435,2.4638,0.021948,2.4915,28.771,405.56,5.9171,28.37
0.018321,0.082979,0.033437,78.383,0.23544,0.13893,1.4873e-07,0.40346,0.013842,4.9617,0.046113,1.3535,7.6095,417.62,5.5603,49.553
0.0057046,1.6177,0.69404,55.191,1.5383,0.033339,0.00019513,0.84244,1.1021,4.7351,0.025925,2.204,5.6296,421.39,5.1478,70.777
0.013613,0.57372,0.25615,50.418,0.17751,0.19963,6.143e-09,0.72295,0.18623,2.186,0.033911,2.557,4.9793,415.73,4.8893,15.273
0.015633,0.073804,0.035635,53.25,1.386,0.67049,1.3749e-06,0.97591,9.1873,0.23959,0.019867,6.5296,2.8228,415,4.4258,28.745
0.01466,0.029396,0.0051171,85.133,0.72048,0.30091,2.8444e-06,0.80492,7.6232,2.9203,0.02232,5.4924,1.8463,424.62,5.2221,33.341
0.010316,0.21332,0.11054,58.651,1.6834,0.20496,8.9939e-07,0.77178,2.7386,4.6238,0.03268,1.8832,13.313,414.51,5.3024,57.42
0.01186,0.051196,0.032373,44.546,1.6511,0.55233,0.00435,7.6135,7.2244,4.4196,0.024027,2.8481,6.0764,417.4,5.2697,13.888
0.15545,0.72316,0.51775,84.576,0.22903,0.0066136,1.6118e-05,0.023318,14.149,4.9985,0.0068347,2.5529,8.977,424.67,5.1227,15.241
0.0077159,0.34155,0.24144,38.641,1.1882,0.052016,1.1058e-07,0.33417,0.04884,4.8943,0.062564,2.3266,3.4597,406.3,5.0275,23.357
0.051274,0.024211,1.4504e-05,119.89,1.4667,1.1666,2.8735e-07,2.8427,0.075437,2.3438,1.6046,2.8391,3.6983,424.2,4.8576,64.885
0.014232,0.0048561,8.2559e-05,66.83,4.9262e-05,0.061424,7.5701e-05,0.25315,2.5781,0.038895,0.01272,9.8338,154.5,423.73,4.367,46.132
0.045319,0.76729,0.14734,84.704,0.23605,0.023434,1.7083e-10,0.034418,0.48158,3.6832,0.061177,3.1647,2.7218,405.07,5.2593,40.004
0.026133,0.022047,0.012429,91.089,1.6938,1.1789,0.00085672,4.0982,2.177,3.9304,0.085826,2.7497,180.13,407.07,5.4867,32.043
0.028349,0.025596,0.0039594,87.674,0.826,0.53336,3.3588e-07,1.3591,0.076177,3.3252,0.046878,2.4581,5.5366,424.54,4.8482,22.044
0.014208,0.033906,7.7454e-05,86.337,0.67197,0.72896,2.9133e-08,1.5322,4.469,1.9949,0.13012,2.2714,3.8785,423.13,5.7228,57.182
0.037549,0.012691,0.0048203,96.62,1.2443,1.0666,9.8951e-06,3.6647,1.6324,0.72249,0.090842,6.0768,1.6247,416.83,5.0498,30.525
0.014198,0.012026,0.0040729,105.1,0.14815,0.50121,4.612e-07,2.6705,2.8671,3.841,0.046686,2.5359,4.8363,420.78,4.7875,49.996
0.13249,0.04497,0.012622,98.026,1.2341,0.031167,6.4363e-06,0.03548,17.661,0.40713,0.0074249,4.3892,17.922,414.37,4.7336,34.686
0.015241,0.044824,0.016287,31.123,0.99086,0.28258,2.3965e-06,0.99293,0.082048,1.6943,0.053563,2.4426,6.921,424.26,5.5575,47.474
0.0547,0.025043,0.028666,44.868,0.20403,0.085859,5.9731e-12,0.19004,1.6599,1.3184,0.060604,3.0915,18.276,407.67,5.2795,17.154
0.26434,0.0018724,0.0064008,74.392,0.029919,0.020318,0.00072389,1.7479,79.05,4.4735,0.19484,2.5932,7.8853,423.15,5.0044,13.681
0.063588,0.042085,0.024853,102.42,0.017035,0.0057503,6.6905e-05,0.085133,1.8298,4.9712,1.9621,4.5134,1.5606,415.36,5.406,48.388
0.026993,0.02028,0.0033956,43.699,1.4582,0.66328,2.2969e-07,1.5415,0.41988,2.5802,0.048945,2.5804,145.83,405.01,5.4944,23.813
0.01795,0.018191,5.6063e-05,119.99,0.87747,0.43079,5.7834e-10,1.0709,0.039261,9.634e-07,0.31027,4.5094,197.47,424.8,4.725,131.96
0.074018,0.10148,0.028936,75.058,0.23947,1.1822e-05,5.6476e-05,0.014786,121.3,2.9106,0.078043,5.768,1.8945,414.72,4.4413,13.695
0.45112,0.036483,0.009513,61.419,0.12915,0.012452,0.00010978,0.027915,0.36992,0.4927,0.010473,5.3851,2.3091,415.21,5.6665,13.883
0.077846,0.041228,0.035233,74.706,0.012945,0.021134,4.9863e-07,0.043148,44.707,4.4238,0.55877,5.5979,1.7052,418.64,4.7656,13.485
0.036415,0.022216,0.014114,105.82,1.1431,0.042028,6.5016e-10,0.14224,0.0080827,2.5077,0.044542,1.8027,16.703,424.98,5.6,41.51
0.049525,0.027765,0.0045238,44.03,1.4215,0.008472,3.9107e-05,0.046938,47.31,0.00050456,0.03546,3.8719,2.491,405.83,5.3341,26.396
0.021009,1.4554,1.0265,51.816,0.34811,0.013251,2.3122e-08,0.041326,0.080839,4.399,0.0048887,2.5896,200,424.98,6.2935,38.649
0.035346,0.17656,0.062148,44.021,0.60232,0.023325,2.8029e-10,0.041339,0.015601,0.00035932,0.060175,6.151,1.5554,424.91,4.5921,94.228
0.03458,0.026118,0.0029537,62.752,0.58328,0.049371,6.3958e-11,0.12464,0.04427,0.44668,0.048589,4.4051,2.0399,423.43,4.1179,47.41
0.016884,0.8201,1.3762,48.173,0.15671,1.1677,1.9404e-05,1.4931,4.909,4.2365,0.28728,2.0857,13.12,417.88,4.8368,44.36
0.08941,0.084298,0.050092,30.402,1.3931,0.0021656,3.4973e-05,0.03126,0.047484,0.59364,0.023658,4.7482,1.6297,408.17,6.7175,57.198
0.1455,0.097548,0.027956,68.343,1.3747,0.13562,1.1116e-06,0.070712,82.941,3.0906,0.074436,2.1429,9.3179,413.14,5.0139,37.19
0.012229,0.65768,0.53608,40.805,1.6121,1.6998,4.1078e-06,5.1003,29.306,4.9806,0.017614,2.3836,5.931,405.53,4.6103,20.913
0.27525,0.010643,0.00503,87.867,1.442,1.0915,0.00011889,2.3838,3.3268,1.6724,0.58032,2.834,2.4787,410.01,4.4236,87.154
0.042452,0.11308,0.091535,31.01,1.1319,0.16373,1.9645e-07,0.25243,1.426,0.13288,0.044772,4.0507,4.242,415.56,5.2322,18.23
0.012811,0.25818,1.5625,45.594,0.012442,0.80237,0.00035513,6.9527,1.6179,4.4476,0.03941,2.3678,186.79,417.82,6.2526,32.785
0.069089,1.1422,0.30052,102.96,1.6473,7.3131e-06,5.58e-05,0.028354,110,0.73708,0.038718,4.5791,1.9461,421.76,5.9062,28.423
0.01632,0.03786,0.018786,75.493,0.71844,1.3897,1.2954e-07,3.1663,3.1816,2.2748,0.40095,2.8001,4.6446,424.01,4.6191,59.536
0.057759,0.19274,0.31131,42.429,0.023566,0.074266,3.0169e-07,0.20754,0.66831,4.8577,1.9987,4.2313,1.9584,405.01,6.108,27.115
0.011391,0.92951,0.38743,30.055,1.6601,0.1594,5.0951e-06,0.60748,0.47147,3.7636,0.034683,2.3485,16.093,414.22,6.5536,27.164
0.017322,0.010393,0.0053752,102.03,1.6085,0.16592,5.6484e-09,0.78976,0.40368,1.2032,0.21583,2.9657,14.912,405.03,5.0853,74.381
0.019636,0.012588,0.0082052,100.75,1.3692,0.057796,1.3129e-07,0.28229,0.089727,1.0044,0.75005,3.2601,4.2302,420.72,4.7778,26.085
0.43237,1.8589,0.41562,73.371,1.1828,0.0095078,1.056e-22,0.021559,0.024972,2.6495,0.032802,2.3829,5.3889,423.1,4.6943,100.95
0.021734,0.14079,0.12788,51.488,0.12374,0.097686,0.00019772,0.40781,114,2.0585,0.046028,2.234,10.709,411.95,4.8354,31.249
1.9307,0.0207,0.0037808,34.548,0.018319,0.010287,3.5153e-06,0.029763,0.030291,4.4405,0.0043332,2.6937,5.1435,414.53,5.6635,58.86
0.27269,0.058485,0.016205,111.47,1.1063,0.014009,8.7541e-06,0.024863,25.577,0.26184,0.014914,4.457,199.89,412.16,4.6671,13.976
0.0017817,0.20732,0.98669,50.458,1.7483,3.6301e-05,3.8536e-05,1.34,33.464,1.6648e-05,0.58489,2.0139,3.5179,421.67,7.1133,389.01
0.0081515,0.030658,0.0072737,81.742,1.7498,0.14733,6.2346e-11,0.73787,0.35115,4.9998,0.15258,1.6953,5.2859,423.66,5.3137,78.027
0.080268,0.0031834,0.00382,82.921,1.1276,0.41496,0.00016032,6.4967,7.2724,0.00075123,1.9728,2.3313,200,405,6.3746,496.2
0.066403,0.052384,0.013279,87.905,0.031067,0.07513,7.3591e-06,0.056554,47.744,5,0.071351,3.4653,3.3362,418.8,4.6296,13.196
0.12753,0.002972,0.010561,119.97,6.4492e-05,1.1313e-05,2.0234e-05,0.12086,0.030992,0.16413,0.12391,2.4681,5.9545,423.86,4.9615,84.584
0.0090585,0.39815,0.32583,53.227,0.30603,0.19811,2.6486e-09,0.83765,0.40772,2.6108,0.59451,2.4744,8.0397,410,5.054,27.601
0.018479,0.057955,0.22423,119.88,1.1074e-05,7.1759e-06,1.1632e-08,0.043461,220.98,4.9891,0.014999,3.832,10.144,413.91,5.2091,21.147
0.035293,0.033291,0.021962,97.936,0.93887,0.035569,3.6492e-12,0.084291,0.007379,0.0013265,0.093222,8.0492,16.594,405.98,4.9215,70.267
0.012814,0.49567,0.67334,30.023,0.031488,0.073459,3.2735e-07,0.22003,2.0007,4.5045,0.033232,5.2807,1.7184,408.2,4.9123,14.279
0.11312,0.44347,0.82359,31.697,0.72354,6.0566e-05,2.3385e-05,0.015828,0.7699,0.044791,0.044785,7.5022,119.98,408.17,4.5025,25.092
0.037319,0.037802,0.014406,88.788,1.2698,1.252,2.2026e-06,2.4719,1.0926,4.5427,0.030877,1.3422,102.46,414.17,6.0767,92.197
0.007758,0.031923,1.6844e-05,52.137,0.7228,0.1503,0.00078729,2.3366,6.5798,4.9999,0.026743,2.8903,5.3935,406.42,5.843,25.683
0.016109,0.016168,0.0020567,81.337,1.6646,1.6366,1.4379e-05,7.3628,3.7433,3.5235,0.047182,2.5584,10.71,424.96,5.0287,14.582
0.008475,0.040208,0.056745,41.99,1.5461,0.65243,0.0031779,5.9119,7.1354,4.9943,0.041975,2.7882,5.1543,417.73,5.2221,19.733
0.020191,0.55596,1.0544,57.256,1.0842,0.00012432,0.00080857,0.97278,1.5006,4.9061,1.0211,2.6296,4.0034,421.43,5.0201,13.853
0.020592,0.024306,0.0085254,84.772,0.96716,0.50677,2.4734e-06,1.3785,0.80983,2.5065,0.035676,2.9133,4.4383,420.07,5.2226,45.923
0.06592,0.057375,0.04752,81.515,1.7407,0.024023,4.4389e-06,0.043852,0.033121,0.063275,0.020996,6.4689,194.91,405.21,4.8646,68.108
0.045027,1.7708,0.84802,82.325,0.10186,2.1191e-05,2.3392e-13,0.0131,121.28,4.0466,0.12269,2.0287,13.105,406.55,4.2324,13.217
0.15425,1.3918,0.7861,80.562,0.07235,2.1021e-06,3.5156e-06,0.011628,1.2022,4.9281,0.012102,2.658,5.0251,410.51,4.5648,14.084
0.0071535,0.49516,0.95136,56.055,0.33885,1.0089e-05,0.00034794,0.76062,110,4.9992,0.57467,2.9807,3.7497,422.15,4.6109,21.773
0.02464,1.7867,0.65965,75.469,0.03187,0.0087362,1.5633e-10,0.02539,1.501,3.4014,0.21773,2.2389,18.961,413.53,4.4127,14.575
0.081419,0.37557,0.39143,43.682,0.45221,3.371e-07,2.3736e-05,0.023108,200.97,0.013653,0.034274,9.7973,166.75,412.31,5.031,13.838
0.020941,0.097267,0.052227,103.87,0.20196,0.26237,1.0053e-06,0.59008,1.6806,4.5512,1.9849,2.1764,2.7386,424.94,5.634,78.56
0.036637,0.022118,0.016184,85.169,0.04536,1.3474,0.00068189,2.6729,10.072,4.8789,1.8763,3.6264,1.9494,421.05,4.6034,37.06
0.023172,0.90568,0.78029,93.697,0.047327,0.11314,1.2185e-08,0.17362,56.15,1.0105,0.0093145,3.4319,5.8683,424.52,4.4997,25.311
0.03727,0.036403,0.00013933,99.856,0.17671,0.12335,1.2036e-09,0.27952,0.033346,0.00091969,0.0093293,5.6482,1.9195,424.41,5.5245,111.35
0.022588,0.0081546,0.0035896,30.123,3.4834e-05,0.057657,3.7668e-08,0.26527,0.004418,0.8113,0.036759,3.6748,199.91,424.86,5.1194,89.279
0.06145,1.3202,0.09321,62.548,0.17479,0.012569,4.0289e-07,0.021861,0.79308,4.1276,0.1231,2.9614,2.0731,424.04,3.6818,52.436
0.0065392,0.010115,0.0083706,48.856,1.6008,0.33504,0.00054341,4.4007,13.129,4.9618,0.021653,3.5046,5.8544,414.85,4.8322,14.543
0.013932,0.042207,0.019505,100.87,0.2243,0.19894,2.1278e-06,0.64828,0.17667,4.9994,0.28709,2.4086,3.2419,414.65,4.2734,66.341
0.034234,0.049575,0.00013131,113.37,0.00012432,1.527e-06,6.6712e-05,0.020814,67.291,0.10475,0.011808,7.4343,1.5627,409.11,5.0646,13.85
0.14694,0.050367,0.099139,53.322,0.1824,2.0041e-07,1.8673e-09,0.01037,108.36,4.9997,0.15316,1.4863,10.747,420.59,4.9729,21.773
0.022739,0.04284,0.010661,77.626,0.38956,0.32731,9.609e-08,0.71129,9.5731,4.9962,0.0022387,7.9014,1.838,419.91,5.3323,35.722
0.12811,0.0069544,0.0013288,96.334,0.11412,0.47397,0.00074288,2.66,4.6077,1.7718,0.059828,3.8207,2.975,420.68,4.915,17.836
0.0093252,1.5171,0.35406,53.225,0.91343,0.16381,6.6847e-07,0.6752,0.44283,4.8881,0.029574,2.2963,181.73,425,5.4609,39.983
0.0086255,0.028831,0.038514,53.858,1.7449,0.089224,0.00076466,4.0723,6.3446,4.5513,0.060486,3.6649,3.8685,405.53,5.4988,14.57
0.66081,0.0009508,0.00036933,102.35,0.10946,0.0029537,1.279e-05,0.17699,201,0.95198,0.51764,3.4002,200,423.46,5.6562,19.538
0.032479,0.021761,0.0061636,91.203,0.89225,0.38765,4.2285e-08,0.97153,0.066578,4.1432,0.19007,2.625,4.094,424.26,4.5237,14.223
0.010364,0.0035313,0.00056941,38.342,0.49437,0.32366,0.00056363,9.1038,2.5957,0.17816,0.091333,4.2317,2.1818,422.97,6.3888,80.923
0.018129,0.015415,0.0076285,92.56,1.1221,0.52369,2.7933e-09,2.1274,0.35992,0.4935,1.1995,4.8021,198.35,413.81,5.4466,55.688
0.00093112,0.29147,0.69568,51.021,1.747,6.8933e-05,0.00028691,4.4406,145.19,0.36126,0.059349,5.7221,6.6684,415.57,4.3644,14.643
0.010894,0.016234,0.023159,45.736,1.4614,0.12368,0.001646,3.9537,12.78,4.8861,0.090821,2.3831,12.453,405.93,5.632,15.247
0.017015,1.3626,0.54297,58.663,1.7207,0.14458,7.1056e-05,0.53596,0.1717,4.987,0.0071758,2.3421,19.539,405.19,4.9863,14.578
0.26431,0.010733,0.0053915,56.515,1.1707,0.69446,3.7203e-05,1.7696,7.7673,2.1238,0.029666,3.1826,5.2079,423.07,4.3143,15.508
0.0044376,0.084487,0.017103,69.589,0.0087115,0.078843,0.00011354,0.74126,0.30992,2.1606,0.080171,2.6914,7.7582,421.15,5.8908,41.222
0.0078421,0.060008,0.092314,52.704,1.7318,0.66947,0.0030669,9.6081,39.785,4.5071,0.075239,3.0619,173.9,416.44,4.6568,14.018
0.0061774,0.041497,1.2372e-05,33.952,1.4698,0.30782,1.2245e-10,1.6429,0.47336,4.328,0.045224,2.0727,7.6077,423.7,4.526,69.975
0.0030456,0.29207,0.39446,51.629,1.7187,0.068131,4.9124e-05,0.82442,3.1064,4.5593,0.036525,3.1442,2.7318,407.87,5.7441,52.502
0.027115,0.034321,0.030389,45.171,0.33861,0.99656,0.0087778,6.1291,7.3915,2.976,0.033644,2.2372,9.3729,416.95,5.0892,13.789
0.028753,0.026931,0.012765,39.067,0.16703,0.9215,0.0021356,1.7349,12.847,0.56219,0.013026,5.9246,4.7663,419.82,5.7181,22.685
0.322,0.0062872,0.0031493,40.703,1.6249,0.24947,0.00010328,0.91567,0.42975,2.0075,0.033719,2.574,25.007,419.04,4.7778,72.688
0.040117,0.01272,0.019545,77.965,0.023478,0.068216,2.1777e-08,0.25906,0.019379,1.3486,0.060984,4.3002,3.1491,413.98,4.3404,33.914
0.030339,0.11903,0.16025,54.173,0.81181,0.021247,3.9382e-05,0.10463,0.084707,3.3078,0.047267,2.8753,8.8289,410.43,4.9469,18.86
0.010138,0.1734,0.075067,52.65,0.37979,0.1668,7.2112e-05,0.69048,0.2228,4.268,0.037004,1.8841,198.13,424.01,5.1894,35.899
0.0060545,0.66144,0.32452,49.774,1.1877,0.050785,1.8706e-05,0.18402,1.42,3.9196,0.045545,3.0919,14.173,405.06,5.3334,13.198
0.028522,0.014627,0.0091642,85.557,0.020372,0.35546,3.8808e-07,1.4899,0.058243,4.1825,0.022266,2.2458,3.8949,424.78,5.0771,41.118
0.014541,0.18133,0.028245,109.27,0.12762,0.87004,5.7386e-07,2.0882,6.3561,4.6689,0.2085,2.3845,2.3475,424.26,5.3044,90.135
0.28155,0.00068043,0.00060961,78.361,0.1587,0.00035351,8.1731e-06,0.14882,323.54,0.23819,0.48794,3.0409,4.22,424.99,4.2569,50.812
0.1331,0.010096,0.01048,74.956,0.10537,0.73946,0.0022554,3.9858,110.28,3.4521,0.34006,2.2296,9.01,423.63,5.3621,34.267
0.011616,0.0045132,0.0011954,118.95,0.74192,0.26489,0.00089494,8.7832,10.847,0.94205,0.67442,3.5079,6.579,418.87,4.3552,20.982
0.011821,0.93779,0.82432,34.907,1.0471,0.029523,1.4298e-05,0.13357,62.175,2.8418,0.20634,2.8266,2.8849,419.79,5.2633,47.031
0.072118,0.3692,0.16451,65.098,1.7043,0.085635,7.2577e-11,0.036081,102.99,5,0.049761,1.6827,94.995,416.57,4.9728,27.832
0.01525,0.017142,0.008703,96.837,0.041015,0.39981,3.4322e-07,1.7601,0.061738,3.6351,0.041946,2.3063,4.7239,421.13,5.1192,67.323
0.038925,0.015618,0.018212,40.687,0.73125,0.14247,7.0634e-09,0.36162,2.4698,4.9972,0.046625,3.1199,3.4726,407.76,4.8335,14.521
0.04393,0.048457,1.0587e-05,76.507,0.0022348,0.0072822,3.0037e-07,0.022208,0.0031103,0.39146,1.8151,5.2176,1.6289,423.3,4.8675,53.13
0.0094516,0.079341,0.030114,85.673,1.3049,0.58965,0.00013685,2.3012,11.099,4.1011,0.099858,3.0119,199.85,411.32,5.2493,21.113
0.069432,0.10047,0.11298,77.327,0.15965,0.093768,4.4227e-07,0.11003,3.6345,4.9852,0.080051,1.9886,6.9003,409.19,4.8348,50.619
0.031339,0.013306,0.0065744,89.673,1.7399,0.88237,6.0816e-06,3.0136,1.568,0.022216,0.14969,6.3455,1.53,411.5,4.0826,36.242
0.0018258,0.88442,1.3249,51.434,1.0159,5.4522e-06,0.00012128,0.66895,109.89,3.6229,0.070221,5.0454,199.4,424.32,5.5064,23.981
0.094201,0.0075716,0.0011992,85.996,1.7492,0.5347,1.4143e-05,1.4306,6.0088,2.8983,0.4229,3.1,5.2527,421.02,5.6778,33.096
0.006685,0.9009,1.028,56.196,0.40809,0.012351,0.00058749,1.0564,17.012,4.7223,0.084575,2.8502,3.5955,419.31,4.3892,14.168
0.082795,0.24456,0.2335,52.506,1.7498,0.018136,3.1851e-11,0.038476,44.226,0.15783,0.0012678,6.822,3.1398,424.42,6.9442,142.39
0.096151,0.048042,0.11453,40.302,0.1219,9.0067e-08,0.00013562,0.044495,55.738,3.4996,0.03881,1.6107,13.233,405.1,5.1916,19.793
0.0090048,0.032355,0.0080477,65.337,1.3485,0.41269,7.5394e-07,1.6823,0.43586,4.7973,0.094208,2.0706,4.1725,405.88,4.7233,211.39
0.037607,0.012823,0.0013974,118.92,0.16328,0.87242,2.9143e-07,2.4651,3.2911,2.2271,0.03353,3.1722,10.734,421.27,4.4388,13.807
0.0062468,0.2084,0.24388,46.66,1.4621,0.077524,5.2393e-05,0.5632,0.31232,4.9658,0.035114,5.2058,1.4828,407.25,5.6107,76.067
0.020674,0.03761,0.029046,119.59,0.011252,0.061358,1.0157e-06,0.21784,0.25534,0.017449,0.025962,5.728,1.8566,408.61,5.325,40.316
0.023631,0.040308,0.066974,43.351,1.0262,0.38018,0.00065302,1.6732,4.3409,0.38378,1.135,4.5754,193.21,409.52,5.8929,43.743
0.043716,0.99671,1.181,81.852,0.1643,0.062362,8.6284e-06,0.048924,3.6632,2.421,0.071741,2.8579,2.6395,422.38,4.7775,79.215
0.029958,0.039238,0.046956,72.624,0.038747,1.6984,0.00057482,3.953,2.6915,4.9869,0.55876,2.6178,3.6345,424.05,3.7679,31.86
0.011172,1.1978,0.40158,53.919,1.0744,0.16819,5.5777e-07,0.65521,1.0213,4.993,0.021002,2.2701,8.4945,424.99,5.3579,25.517
0.011363,0.023204,0.017494,78.415,0.0064509,1.167,5.328e-09,9.9973,8.1012,1.0863,0.017523,5.3809,1.9463,405.58,5.5093,66.08
0.0031558,1.2101,0.84225,85.765,0.12333,5.4689e-07,0.00026118,1.0736,131.95,4.4005,1.0354,4.238,199.57,423.75,6.5295,15.845
0.063405,0.62724,0.21915,83.204,1.3327,0.028299,1.0528e-07,0.041075,0.69768,2.6485,0.067392,3.0971,2.7991,411.36,5.36,67.81
0.02907,0.014241,0.0071586,101.51,0.68975,1.5563,9.709e-05,1.7272,2.9039,1.8231,0.077718,5.012,195.69,417.28,3.8122,13.856
0.047024,0.044909,0.12545,93.069,0.032006,0.0013916,5.9989e-05,0.055581,0.73561,4.8255,0.035112,6.267,1.71,405.59,6.4434,18.194
0.011972,0.55999,0.39082,39.745,0.23951,0.1379,0.00049661,1.1744,0.47629,4.2763,0.010402,2.5395,9.5755,408.34,5.1306,21.76
0.011379,0.89043,0.4487,39.101,0.82825,0.20889,1.2132e-07,0.81844,0.048975,4.989,0.021506,2.2028,8.7078,406.08,5.6031,21.429
0.014897,0.0017076,0.00022328,119.84,0.02052,0.33076,9.7069e-05,9.3722,10.091,0.33589,0.30859,3.1777,6.6091,423.21,5.1826,49.259
0.017022,0.014138,0.00026325,89.203,0.98255,1.4033,0.00012669,6.372,3.1921,3.3873,0.051306,2.484,11.361,419.82,5.1465,14.584
0.014733,0.03674,0.028973,64.643,0.021049,1.9387e-07,7.122e-05,0.050192,164.79,0.79842,0.018462,4.844,147.01,423.59,5.3938,13.968
0.04998,0.051057,0.00014453,119.99,1.745,0.048044,4.1223e-10,0.07152,0.075352,0.53174,0.022503,3.4364,198.04,405.55,5.4432,80.699
0.044413,0.024859,0.016293,91.791,0.70971,0.075355,5.7061e-10,0.19053,0.057197,2.3907,0.060148,2.6816,4.0406,405.5,5.1667,43.587
0.26323,0.060636,2.172e-05,119.97,1.7183,0.018897,1.3327e-05,0.024039,27.758,3.9316e-05,0.019325,5.3311,13.842,412.07,6.0557,82.574
0.0042316,0.43058,0.37392,47.877,1.5876,0.047228,7.0943e-06,0.41234,3.6262,4.808,0.095318,3.0018,2.3726,407.33,5.5368,14.145
0.15736,1.2805,0.79112,84.07,0.14272,0.0066282,4.4342e-08,0.016409,1.1115,4.2803,0.03311,2.1699,7.1187,424.95,4.5377,22.307
0.050945,0.06048,0.046968,85.147,1.0459,0.047139,1.4921e-05,0.10764,0.69654,1.4994,0.23511,3.7487,1.9099,419.97,5.4619,78.111
0.10164,0.016973,0.023956,84.644,0.0030708,0.014012,4.3776e-05,0.084635,3.9932,3.4494,0.11968,9.4741,1.2763,416.81,5.6106,43.446
0.061026,0.027994,0.023402,93.997,0.5823,7.2466e-08,0.00010927,0.033625,109.59,3.9955,0.044022,5.8898,1.5887,408.37,5.7148,13.338
0.013509,0.45286,0.37295,53.041,1.7493,0.085555,2.5637e-05,0.33606,0.21874,4.1284,0.033622,2.4878,199.99,421.99,4.556,25.296
0.021313,1.956,1.5167,30.103,1.5305,0.0077042,4.4757e-08,0.030973,0.00030145,5,0.0050502,2.6314,9.3217,406.44,5.2039,16.68
0.045155,0.078749,0.17065,52.979,0.011169,0.026048,1.9547e-05,0.03954,8.6299,5,0.0097867,2.837,8.1655,423.42,4.689,19.772
0.025434,0.54787,0.34088,83.805,0.09938,0.033836,1.7003e-07,0.041772,54.54,0.1698,0.014299,7.2943,82.075,420.56,5.7825,15.222
0.0092933,0.086716,0.025423,72.37,0.61363,0.58386,0.00012782,2.3358,6.7769,3.3486,1.4987,2.8357,174.49,409.56,5.6126,92.54
0.0091149,0.023298,0.0091524,74.038,0.058448,0.32095,3.1765e-06,1.4793,0.53656,4.8846,0.27332,2.0648,5.4569,424.97,5.0197,52.465
0.025935,1.8205,1.2125,39.441,0.017199,0.071655,1.816e-07,0.11073,1.2598,1.3325,0.12404,5.7692,2.1551,405.41,4.8018,14.336
0.11751,0.016307,0.025856,78.375,0.056174,0.57409,0.0072226,7.5668,10.82,4.2156,0.67176,2.3586,2.6618,415.98,6.2145,36.694
0.016482,0.06676,0.072724,50.727,0.55864,0.35616,0.00031372,1.394,2.5766,4.6231,0.32669,2.3058,5.3441,412.49,5.8333,21.335
0.0075717,0.21038,0.81224,49.407,1.7325,7.943e-07,0.00018781,0.42066,95.539,0.14187,0.04151,6.7427,4.5152,413.28,5.0815,19.901
0.0062694,0.93633,0.25228,48.123,1.009,1.2871,4.8503e-06,4.435,30.705,4.9613,0.48122,2.493,4.1406,423.91,4.943,34.481
0.013166,0.020659,0.014004,78.388,0.3255,1.33,0.00080996,7.1223,14.187,3.8423,0.2281,2.8577,2.6628,415.14,4.7219,55.777
0.0056094,0.65052,0.21345,46.915,1.6266,0.11497,2.6238e-07,0.57432,0.46375,4.7954,0.28853,2.5811,6.6043,405.3,4.6246,36.119
0.035843,0.48603,0.28142,86.362,0.058687,0.041686,1.4652e-07,0.03384,83.49,0.22107,0.0034455,9.3198,68.363,420.22,5.1469,21.221
0.01287,0.014776,0.012326,119.98,0.0022742,1.172,6.9483e-08,9.7576,4.0589,0.13216,0.019115,5.0849,3.8821,419.55,4.3847,23.33
0.014374,0.3513,0.00088915,30.024,1.5468,0.01778,2.4756e-10,0.054712,23.973,1.0302,0.018032,7.6305,1.3689,405.57,6.9185,163.81
0.12274,0.020692,0.034366,73.412,0.0029154,0.0046322,7.9618e-07,0.05104,65.01,4.955,0.079132,2.3086,1.7521,424.01,11.642,78.896
0.0028201,1.8758,7.1176e-05,56.792,1.7499,0.021946,4.2663e-11,0.1222,119.06,4.329,0.017624,3.8888,2.0967,416.3,5.2981,55.734
0.014546,0.92886,0.36571,53.108,0.55077,1.5915,3.0167e-05,4.2601,18.515,4.4485,0.025816,2.2111,6.5999,424.78,5.2802,21.431
0.034147,0.010602,0.014886,91.508,0.0060082,0.0194,2.6063e-05,0.096832,108.93,3.6053,0.027306,2.7437,3.024,424.54,4.4978,20.893
0.027252,0.016775,0.010422,89.554,0.72719,0.69324,2.5633e-12,2.2138,0.48984,1.7978,0.17424,3.8039,8.5927,424.8,5.1375,33.115
0.0070355,0.039542,0.059055,78.455,0.054193,0.41536,0.00098148,4.997,14.162,4.5163,1.8962,2.2396,3.9401,414.83,5.0601,59.104
1.9054,0.0012093,0.00072459,103.1,0.15792,0.0010562,1.3932e-05,0.10524,1.4093,2.2771,1.9316,3.415,8.1568,418.53,4.6666,40.436
0.051945,0.073695,0.10541,81.052,0.024733,0.038436,1.5367e-05,0.037648,107.77,4.7595,1.0502,5.9475,1.7346,424.58,5.059,14.54
0.18515,0.12758,0.043731,80.029,1.6421,0.043001,2.9494e-08,0.025388,63.358,4.6362,0.024514,2.6534,7.4748,424.97,4.4619,14.252
0.046009,0.022255,0.016631,43.1,1.5615,0.66093,5.126e-07,1.6374,1.3639,0.028389,0.040991,5.2954,152.89,411.78,5.5945,21.315
0.028165,0.0015001,0.003104,79.056,1.7204,0.00068641,0.0019311,7.921,6.6261,0.0037635,0.05887,2.1176,6.3182,414.57,8.1655,186.34
0.094478,0.091253,0.078992,37.901,1.7499,4.5538e-08,3.7677e-05,0.03967,99.049,0.58556,0.033909,7.5966,1.3918,405.5,6.0358,71.32
0.0082444,1.9284,1.8803,34.716,0.33357,0.12661,1.6661e-05,0.3373,7.3453,4.6919,0.010622,2.4248,24.56,412.22,5.0517,29.039
0.0964,0.08922,0.1053,78.152,0.12124,0.1024,4.3479e-07,0.13211,4.786,4.9916,0.070846,1.9545,200,424.9,4.6681,25.503
0.12938,0.10195,0.032613,79.094,1.3974,0.063102,8.9333e-06,0.046898,85.673,3.3598,0.042659,2.1273,9.0412,414.85,5.2089,22.185
0.10614,0.0046329,0.0032784,72.22,0.13812,0.082883,0.0011035,2.401,105.44,4.2922,0.13968,2.4864,8.1857,425,4.4516,23.696
0.011174,0.0099737,0.00022748,30.906,0.044622,1.0001,0.00058188,8.6798,5.2373,4.9817,0.0076712,2.8933,76.752,415.92,4.8837,50.224
0.024247,0.027015,0.0079972,120,1.6839,0.046984,1.813e-13,0.1463,0.011935,0.85313,0.037494,4.3403,2.0776,424.08,5.0105,50.174
0.086739,0.013566,0.081193,42.616,0.047399,0.51465,1.3964e-07,0.58254,18.787,4.7134,0.18425,3.0123,3.3822,422.99,5.0545,13.793
0.023928,0.022748,0.002387,61.975,1.0249,1.1108,9.6747e-05,2.7509,1.024,4.2027,0.040413,3.8044,1.9657,424.93,4.9788,35.336
0.025815,0.097264,0.074354,81.841,1.7444,0.075481,7.7432e-06,0.16584,0.66414,2.1234,0.86331,3.3505,2.7944,418.91,4.9968,14.352
0.0314,0.035604,3.061e-05,84.528,1.3003,1.163,1.3503e-06,2.7109,3.9631,4.9958,0.051954,2.787,3.2598,424.24,4.6982,21.865
0.018008,0.089832,0.097094,55.65,1.2238,0.10458,0.0001075,0.69319,3.1324,2.6898,0.041781,1.9602,14.902,424.69,5.2736,92.479
0.01123,1.9984,1.2206,68.312,0.049308,1.4351,2.5853e-05,5.6561,0.85445,1.8029,1.9936,2.8214,3.6007,424.33,4.8333,52.648
0.0041436,0.42569,1.6248,30.685,1.7286,0.010726,0.00036658,0.56933,2.2896,0.88745,0.0054292,3.8096,6.8823,414.46,4.8231,21.191
1.9992,0.0059556,0.0050325,72.257,0.16678,0.037553,1.1237e-05,0.14917,161.45,4.9516,0.21876,4.8575,1.1428,424.72,6.7782,233.42
0.0049594,0.030571,0.0079412,111.18,0.37916,0.90513,6.5486e-07,9.6294,7.7186,0.23244,0.33716,2.1546,59.818,423.17,6.744,181.25
0.015714,0.048562,0.035074,85.878,0.62957,0.12354,7.7047e-07,0.27515,1.5467,1.5935,1.7754,2.712,3.596,405,5.0681,59.381
0.056647,1.8726,0.41701,35.378,1.2449,1.6646e-07,2.4826e-05,0.038801,214.88,0.090468,0.033171,7.1809,134.68,408.69,5.3527,13.614
0.010543,0.076272,0.038145,55.174,1.3035,0.47641,9.4842e-05,0.88465,7.6046,0.12665,0.031735,6.3953,2.4742,418.29,5.543,27.779
0.0026486,0.60047,1.2375,49.473,1.7381,1.3357e-05,0.00011115,0.72565,110,0.17895,0.038151,7.54,71.356,414.19,4.8888,13.968
0.099815,0.012043,0.0044587,50.497,0.39374,0.5326,2.9011e-09,1.1955,4.2312,1.0393,0.14393,2.8672,9.517,424.49,6.5003,103.92
0.037965,0.098179,0.056834,84.443,1.4111,0.051354,9.5064e-06,0.092559,1.1015,0.63427,0.46194,3.4671,4.2261,422.62,5.3098,89.806
0.041081,0.15522,0.28996,54.018,0.0092251,0.063099,2.3293e-08,0.064953,110,4.8865,0.032904,2.5303,147.25,423.4,4.7311,29.69
0.02245,0.017947,0.0030123,88.188,1.7313,1.0219,1.6941e-07,3.1205,0.77627,2.8947,0.060521,3.1695,6.2653,424.9,5.0769,21.081
0.031616,0.019844,0.011618,98.458,1.2137,1.3889,2.4179e-06,4.3249,1.0484,2.718,0.12806,2.9785,5.8011,421.52,4.9872,33.297
0.010133,0.56021,0.32649,51.291,1.704,0.1676,4.8408e-07,0.61365,0.3721,2.3702,0.090195,2.628,25.509,420.84,5.4858,20.778
0.034163,0.022327,0.017395,96.915,1.3367,0.058426,1.272e-06,0.1622,3.7329,1.1809,1.9992,2.6383,4.5546,405.05,6.0118,92.75
0.032103,0.021749,0.01714,99.338,1.3301,0.04602,6.9145e-11,0.1922,0.094724,1.062,0.16037,3.7582,2.8702,410.02,6.8144,125.9
0.010864,1.3189,0.00015744,91.388,1.4123,7.2323e-06,0.00012955,0.11287,245.48,0.00092299,0.0093217,7.7546,3.3673,413.56,5.809,20.034
0.0232,0.019696,0.0036243,64.649,0.56693,0.6827,1.2812e-06,1.7849,0.37258,3.8341,0.056535,2.5775,129.86,410.09,5.0045,34.755
0.017005,0.016432,0.0030302,53.399,1.4226,1.6635,5.0209e-05,7.2192,1.1776,4.3619,0.21351,2.5013,5.8887,415.56,4.4302,29.135
0.016555,0.40135,1.6743,39.085,0.010874,0.90068,0.00029106,7.0858,1.1886,2.9562,0.31917,1.869,12.416,417.58,4.8927,123.62
0.022252,0.012005,0.0058086,119.98,0.0029753,0.18537,3.012e-05,0.78423,0.45048,0.36637,0.21867,2.6033,2.6364,425,5.504,208.54
0.028136,0.030959,1.0688e-05,86.508,0.50832,0.66339,4.5453e-08,1.3821,0.21751,2.482,0.054396,4.0687,2.3306,424.83,5.3129,13.907
0.025482,0.023789,0.020166,119.35,1.3299,0.84406,5.6603e-06,2.9412,5.4155,2.1444,0.021951,4.1413,7.1523,423.63,5.7435,22.216
0.0052874,0.040282,0.013949,66.38,1.628,0.29656,1.1449e-06,1.6517,0.27472,4.0286,1.7886,2.3304,5.1416,406.36,4.892,80.094
0.072299,0.029026,0.033196,44.241,0.1936,0.022253,0.00017722,0.1348,0.56231,1.6195,0.040366,2.541,8.3409,417.88,5.2778,13.691
0.032353,0.032059,0.0030222,51.303,0.98108,0.043192,6.41e-11,0.10598,0.03628,0.82092,0.048532,5.3312,1.549,422.95,5.5447,22.738
0.028549,1.9085,0.39745,42.684,1.2668,1.4381e-06,4.1152e-05,0.033046,201.96,0.13602,0.015256,8.4024,174.39,412.7,5.2811,16.011
0.030827,0.024057,0.012174,89.6,1.3016,0.037243,4.8347e-10,0.10412,0.043481,4.4831,0.046844,1.6433,19.287,413.44,4.3879,50.364
0.013387,1.9948,1.0292,44.395,0.55935,0.0066254,4.2203e-11,0.028658,0.056052,4.8579,0.0032596,3.3912,32.178,422.14,4.6159,14.351
0.0091024,0.56012,0.18312,54.541,0.24482,0.040283,1.6583e-05,0.16704,1.2407,4.8119,0.016836,2.9171,50.338,423.36,4.833,14.513
0.030006,0.49896,0.56866,56.596,1.418,0.038323,7.583e-05,0.16163,0.058162,3.9293,0.050166,2.3539,10.397,407.16,4.1857,14.577
0.098211,0.03644,0.051115,74.585,0.0053786,0.011275,4.1413e-08,0.048951,14.157,4.3864,1.5303,5.4316,1.7492,423.39,5.202,13.767
0.012395,0.03371,0.076979,75.699,0.066649,0.092678,0.00049313,1.4969,9.9177,4.9886,0.01117,2.5297,5.6682,410.32,5.3331,74.095
0.066946,1.1753,0.84183,77.599,0.048106,0.030994,7.9914e-07,0.020448,3.1091,4.913,0.072716,3.4383,2.0613,423.73,4.6935,37.241
0.0076395,1.9737,1.0818,30.406,1.4519,0.13733,7.8641e-06,0.44472,104.54,4.9349,0.076969,3.7979,1.7289,416.97,5.7289,50.241
0.016482,0.98204,0.50025,57.162,1.4943,0.15882,5.4379e-09,0.55233,0.44305,4.8768,0.034069,2.0811,22.662,420.52,5.4915,21.113
0.0071392,0.52249,0.49985,68.426,0.029686,0.35354,1.094e-10,0.78019,8.5738,4.9705,1.6861,3.1949,2.8314,424.79,4.4944,91.151
0.0018537,1.5384,0.89035,36.214,0.0054652,0.055897,1.5082e-05,0.85854,83.988,4.9938,0.019595,9.9857,1.2565,418.24,5.2796,163.74
0.11803,0.12728,0.10692,44.006,1.7186,0.020554,1.7937e-08,0.038604,49.096,0.16413,0.0033054,6.3455,2.1278,407.93,6.1166,29.895
0.20733,0.007172,0.026623,90.002,0.010408,0.033218,4.6453e-09,0.064332,100.34,0.58496,1.7144,2.4385,200,425,5.3622,319.96
0.0041981,0.060744,0.002089,91.706,1.1422,0.24409,1.3618e-06,1.7384,0.63921,4.3994,1.9302,2.1938,5.4912,419.81,4.7798,56.911
0.017167,0.085513,0.067144,55.92,1.0617,0.52253,0.00023507,2.1329,6.3904,2.6072,0.070333,2.7852,12.078,411.65,4.8336,33.664
0.012332,0.7864,0.29999,46.514,0.12825,0.1983,1.6265e-09,0.71049,0.22482,1.6321,0.05296,2.5625,185.42,405.29,5.0022,31.788
0.018189,0.029316,0.0093267,80.662,1.5483,0.4644,9.8593e-07,1.163,1.7396,3.2564,0.038891,2.7479,3.5484,420.45,5.6341,159.6
0.036129,0.046427,1.52e-05,50.455,1.484,0.021325,5.9336e-08,0.047416,0.016826,2.8737,1.056,6.9063,1.4093,406.64,4.4932,41.738
0.01057,0.14439,0.10943,30.11,1.5366,0.063536,2.487e-10,0.21376,89.2,0.39136,0.024579,8.7778,1.3967,425,5.4473,78.641
0.017328,0.017288,2.4098e-05,119.98,0.037816,1.6175,2.3639e-09,7.551,0.41592,4.9133,0.019424,2.0576,140.25,416.57,5.8286,68.102
0.047551,0.17909,0.058946,85.215,0.2964,0.026453,1.1581e-07,0.035548,0.0040202,1.8307,0.067839,3.514,3.6204,424.4,5.9948,30.799
0.0068141,0.056716,0.041152,48.265,1.3371,1.2876,1.8144e-05,7.1172,2.4,4.9999,0.028447,2.4493,9.9156,411.88,5.2777,56.149
0.032878,0.027208,0.0014538,47.602,0.8339,0.081969,5.2474e-07,0.16955,1.3687,0.62311,0.15104,3.2632,3.6289,406.15,5.1116,76.605
0.020334,0.014666,0.0060429,30.06,1.8938e-05,1.152,0.0002523,5.9052,0.37963,1.6055,0.20497,2.7055,4.8483,415.91,5.5818,40.883
0.026329,1.212,0.97113,52.76,0.94174,0.0095702,6.2665e-11,0.035851,0.00010759,4.7902,0.0063308,2.3036,51.696,424.83,4.4333,52.613
0.018421,0.94328,0.47163,92.125,0.039411,0.029977,7.3517e-05,0.074812,13.429,4.3786,0.032251,1.8274,8.0084,418.91,5.8721,102.33
0.041727,0.057639,0.0020797,119.65,0.030961,0.44418,6.3294e-05,0.42259,1.416,3.1106,0.026815,2.476,9.358,423.5,4.6739,33.595
0.030059,0.022103,0.011426,102.55,1.695,0.13846,2.5691e-07,0.28908,0.15255,2.518,1.371,2.6313,199.91,405.21,4.7589,38.525
0.04564,0.82124,0.10253,71.378,1.2968,0.14175,2.592e-19,0.072572,92.496,4.4948,0.029607,1.5939,119.15,415.88,6.0565,76.736
0.040126,0.084226,0.1467,43.408,1.7494,0.0054171,5.2941e-05,0.060134,9.1034,0.54136,0.086676,4.188,1.7307,405.52,4.6115,47.135
0.030971,0.022365,0.0085455,87.56,0.7311,0.052467,7.8336e-08,0.16638,0.029388,4.9998,0.013897,2.1778,7.0153,424.98,5.5272,80.74
0.012407,0.047038,0.019216,30.263,1.75,0.22099,1.8623e-06,0.75578,0.90009,1.4952,0.085582,2.8152,198.42,405.12,6.2948,80.744
0.042685,0.09286,0.2054,43.396,0.18177,0.041437,1.0452e-05,0.060237,9.3236,6.9988e-06,0.083102,3.8968,2.2471,405.46,3.8887,72.031
0.061497,0.037682,0.060882,79.496,0.0033582,0.012732,2.8518e-05,0.034578,3.8369,3.9521,0.025573,7.9183,1.4952,424.45,4.5541,40.626
0.051808,0.05028,0.010683,89.729,0.36784,6.2145e-05,3.6902e-05,0.014318,110,0.35311,0.018514,5.1366,2.2003,414.56,5.7101,69.038
0.01163,0.028811,0.010082,87.106,1.2584,0.10971,1.7901e-07,0.13783,4.3397,1.8704,0.036525,3.3207,199.94,410.12,5.3889,61.089
0.037273,0.1735,0.024417,102.28,0.14462,0.022769,4.2331e-11,0.029964,0.0021458,2.8241,0.08081,3.3728,2.6594,415.28,4.3719,53.738
0.032801,0.25235,0.11001,56.681,0.21369,0.017197,2.8746e-08,0.033857,0.022794,0.00043807,0.076901,6.7537,1.9643,422.3,4.5329,80.347
0.15238,0.1104,0.035771,76.612,0.028226,3.7572e-05,5.883e-05,0.039518,0.43392,4.9154,0.079812,2.199,4.0516,409.27,4.6006,43.66
0.11065,1.3233,0.22448,79.273,1.7487,0.00014372,3.7154e-05,0.020053,110,0.95152,0.041888,4.5715,2.0666,424.85,5.1149,60.952
0.0013938,0.56671,1.0847,49.475,1.7412,9.4805e-05,8.6825e-05,1.093,109.73,1.584,0.080793,5.6084,71.599,414.28,4.6613,58.442
0.026245,0.028818,0.0045153,98.959,1.1555,0.54885,3.0737e-07,1.368,2.3072,3.4666,0.17169,2.4763,4.3917,421.65,4.7779,38.816
0.032429,0.018375,0.013272,38.066,1.7319,0.50222,0.0034724,2.1497,13.342,2.1134,0.006022,3.6286,7.2201,422.4,5.2618,18.079
0.025622,0.011177,0.014746,100.99,0.034286,1.0158,5.0934e-05,5.7356,2.7132,0.20061,0.065337,5.702,1.9605,418.91,5.4326,35.317
0.17342,0.088103,0.020094,71.483,0.04178,2.8763e-07,2.4479e-05,0.018135,109.99,4.9982,0.067483,2.4517,3.3115,416.64,5.3874,65.05
0.012028,0.013013,0.010155,41.783,0.00043096,1.0916,1.409e-06,9.9979,2.9975,0.59894,0.031141,5.2466,1.9777,407.96,6.049,60.369
0.081325,0.073601,0.0063804,108.88,0.13402,0.012378,7.8996e-07,0.020676,96.413,1.3926,0.7101,5.5832,1.741,424.87,4.6666,44.265
0.025268,0.020707,0.0091359,87.934,0.053858,0.063978,1.8817e-09,0.18944,0.074424,1.0522,0.794,3.2993,6.0612,406.1,5.668,36.965
0.15275,0.12317,0.13419,46.889,0.054905,0.020152,3.5595e-05,0.05141,0.21086,2.2614,0.055065,2.3005,15.291,413.22,4.2769,25.217
0.024734,0.027697,0.0073436,77.992,0.029131,0.41573,1.717e-06,1.1012,1.6559,4.7999,0.052016,2.4338,4.2187,405.54,5.5592,44.038
0.012883,1.2458,0.46346,49.267,0.58762,0.12273,2.9711e-05,0.43527,0.9221,4.4191,0.021578,2.008,5.7331,424.36,5.5559,40.894
0.012742,1.7779,0.46142,56.441,1.7371,1.6063,8.8617e-05,5.8518,4.5,4.0462,0.28161,2.2602,4.78,424.99,5.6097,50.904
0.21964,0.14552,0.05371,84.615,0.93693,0.0069778,1.5256e-05,0.016278,0.37593,4.9603,0.013296,1.8254,6.4071,411.95,5.4491,108.91
0.011048,1.9986,1.3296,73.631,0.049145,1.4456,2.6104e-05,5.5381,2.4182,1.8235,0.3042,2.8454,4.0865,417.93,4.5995,70.663
0.0038222,0.088737,1.865e-05,40.951,0.65162,0.24964,6.2188e-08,1.806,0.41296,4.8273,0.025471,2.2412,6.2458,409.35,5.5996,71.102
0.83661,0.009691,0.0074906,38.363,1.0948,0.027339,9.8355e-11,0.064605,0.048944,3.2031,0.047849,2.6941,4.9737,422.27,5.1104,56.29
0.010957,0.011887,0.0039681,100.17,0.027078,0.27758,1.3217e-08,1.6456,3.8221,4.8729,0.080952,2.4477,3.6106,415.25,5.3585,107.47
0.013313,0.19549,1.1307e-05,57.276,0.090078,0.0098695,1.0355e-07,0.027581,0.01753,4.2418,0.018102,2.2161,8.3789,424.51,4.9438,44.482
0.026894,0.043558,0.067561,51.639,0.31966,0.30865,0.00044804,1.3097,1.519,3.5455,0.3546,2.255,11.712,405.01,5.4801,43.555
0.012049,1.3942,0.58859,46.343,0.081458,0.13068,6.3695e-07,0.29468,104.46,4.7819,0.24038,3.1002,1.9454,421.11,6.0537,119.9
0.015542,0.053306,0.038605,96.857,1.012,0.1944,1.149e-05,0.46349,1.6702,1.836,0.061665,2.8417,4.4252,409.04,5.693,96.357
0.023257,0.011455,0.0076357,116.62,0.5703,1.1321,7.9433e-06,5.8548,0.39321,2.9196,0.53543,2.3159,131.66,410.11,5.5196,48.509
0.19838,0.071284,0.076981,82.036,0.044902,0.036706,1.1984e-06,0.05098,0.032071,4.9998,0.042924,2.4216,4.0111,416.29,4.9769,42.276
0.12251,0.080212,0.051832,76.05,0.034524,1.1381e-06,1.6249e-05,0.022693,146.19,2.976,0.039225,2.2619,6.1033,422.2,5.1044,68.012
0.017752,0.016177,0.0005101,44.273,0.75048,1.0959,5.6997e-05,3.375,1.5855,2.7328,0.035754,3.4236,2.5425,421.09,4.667,70.008
0.011081,1.3101,0.3317,47.36,0.2095,0.042012,6.0464e-08,0.096533,109.99,3.191,0.061548,3.1278,1.9864,419.84,6.244,171.83
0.01545,0.016867,0.001615,80.086,1.0712,1.699,1.3036e-06,8.4898,3.4929,4.993,0.038976,2.4921,4.5879,421.88,5.5757,53.995
0.025262,0.8391,0.96871,39.023,0.038561,0.079579,1.0284e-08,0.22478,0.26857,4.9113,0.033591,4.5829,1.8526,424.97,5.262,87.011
0.024628,0.024241,1.0566e-05,119.98,0.18521,1.2284,1.6346e-08,3.3084,0.38086,0.90857,0.078371,3.9828,3.5365,424.66,5.3843,39.317
0.11167,0.070111,0.038271,75.902,0.91203,0.011045,1.791e-10,0.013977,0.089823,4.4106,0.030198,1.4725,117.13,424.16,4.893,72.496
0.16446,1.3116,0.71858,78.437,0.074081,0.0038024,3.7364e-09,0.0089228,109.01,3.7864,0.011705,2.7685,4.7039,409.24,5.3487,66.565
0.087854,0.046217,0.043453,111.35,1.7422,0.023627,1.2938e-05,0.043115,25.417,2.6724e-05,0.021485,6.0787,197.54,412.25,5.0665,52.016
0.038391,0.082103,0.056403,82.194,1.6719,0.07591,7.2605e-06,0.15971,0.44992,1.2875,0.22633,3.2112,3.2654,414.87,4.6109,53.56
0.025032,0.9309,0.30721,59.087,1.749,0.011365,5.6595e-06,0.060539,15.552,4.8806,0.03669,9.2604,1.3339,409.57,5.4432,79.977
0.01226,1.3269,0.55246,57.569,1.6854,1.599,0.00015798,4.673,35.906,4.0779,0.84941,2.2787,5.266,407.2,4.5886,44.465
0.053154,0.048576,0.0043537,92.988,1.0661,0.51631,1.2574e-06,0.4906,0.18303,3.4974,0.062764,2.2345,8.9736,424.79,4.6447,48.773
0.13506,0.084143,0.10229,30.901,1.7499,6.7951e-08,3.8822e-05,0.060907,0.097843,0.48169,0.049078,7.5471,1.438,413.94,5.8195,94.064
1.3694,0.022066,0.0022829,103,0.046809,0.075439,6.1914e-08,0.064185,0.31159,4.9532,0.022809,1.6219,7.007,422.38,4.6953,92.33
0.014205,0.080932,0.070452,83.261,0.9146,0.16665,0.0074443,9.079,14.82,3.0441,0.24973,2.2018,5.2815,415.12,5.0268,23.806
0.053718,0.027321,0.024471,41.79,0.10263,1.2988e-05,0.00013391,0.095901,109.18,2.2506,0.044455,2.7951,4.8404,419.66,5.8964,35.651
0.012027,0.041604,0.049964,53.854,1.7365,0.49868,0.00085346,2.8283,6.636,4.9119,0.081181,2.4606,5.3284,405.43,5.6595,34.695
0.065905,0.30963,0.31678,38.494,0.07838,0.024456,1.7104e-08,0.051411,0.011439,0.46839,0.064979,3.6213,2.838,422.35,4.9084,27.993
0.03473,0.025422,0.0083845,80.92,0.10382,0.059945,5.7006e-11,0.13379,0.039986,1.2878,0.040788,6.3508,1.6183,411.03,4.7413,64.49
0.0082471,0.035607,0.0048803,38.414,0.08171,0.33161,1.4216e-06,1.3119,0.30881,1.5644,1.085,2.765,25.308,405.31,4.8875,84.117
0.013332,0.19913,0.017262,110.18,0.85078,0.38172,7.5545e-10,0.53717,0.50692,2.4135,0.98841,3.248,197.21,408.91,5.3155,34.746
0.039411,0.051242,1.3576e-05,119.88,0.97225,0.020061,1.0571e-08,0.04279,0.0085357,2.6224,0.41697,8.76,1.3601,405.15,5.241,59.123
0.0096514,0.56399,0.48358,49.722,0.19126,0.17494,7.643e-10,0.72005,0.23284,2.3019,0.36939,2.2815,33.098,406.17,4.5501,68.383
0.022516,0.012868,0.0024746,116,1.531e-05,0.044041,3.477e-08,0.17211,0.07027,1.713,0.37129,3.1375,2.9895,421.97,4.5384,56.88
0.0033464,0.28648,0.52582,50.63,1.7214,0.037338,6.5137e-05,0.68148,3.1074,4.8647,0.061104,3.2086,2.5301,405.87,4.2931,51.471
0.0070841,0.82904,0.4122,30.034,0.71665,1.3801,2.0097e-05,4.6636,34.887,4.9694,0.053333,3.2486,2.415,424.96,4.2467,20.071
0.038477,0.0118,0.0047385,95.058,1.1355,1.1376,4.8341e-05,4.3463,5.1357,0.084998,1.0675,5.2494,1.9051,414.63,4.2844,98.004
0.025632,0.01604,0.011625,104.63,0.84913,0.53545,3.8557e-07,0.99353,2.1815,1.1236,0.092458,4.5051,173.97,416,6.0177,124.41
0.017842,0.028692,0.017987,103.26,0.22473,0.025444,7.7428e-05,0.24342,0.98573,1.3863,0.11775,2.803,199.86,407.64,4.9831,119.51
0.016578,0.021805,0.011825,101.08,0.043499,0.34458,5.1955e-07,1.4196,0.069902,3.9828,0.02564,2.2416,4.4054,424.63,4.8774,73.385
0.022626,0.034262,0.60118,49.161,1.7499,0.033174,0.00021582,0.35252,89.815,0.00028284,0.088625,3.632,5.7722,419.88,5.3833,83.86
0.12214,0.077037,0.056974,34.117,1.6965,9.796e-06,7.601e-05,0.08609,136.75,4.6222,0.053945,3.2197,3.5055,412.07,5.4787,18.801
0.059114,0.024963,0.025766,53.349,0.61817,0.96176,4.0387e-07,2.2136,3.114,0.0013671,0.05437,3.6694,14.122,420.46,5.1959,73.904
0.022218,0.013575,0.008768,103.66,1.5667,0.061179,2.4405e-11,0.24897,0.047134,1.3841,2,3.29,199.45,422.73,5.2103,169.18
0.027242,0.016763,0.015076,104.22,1.643,0.072258,2.8152e-10,0.26163,0.035198,0.89498,0.54353,4.5144,3.2115,411.37,4.4371,40.217
0.032943,0.07172,0.043414,82.88,0.26331,0.3681,2.9017e-06,0.79518,2.9859,3.6905,1.624,2.1261,3.8139,405.13,5.2763,155.26
0.018037,0.75123,0.4029,55.649,0.27128,1.5783,1.84e-09,4.1039,16.357,4.8188,0.048402,2.1225,5.6488,424.93,5.5918,109.47
0.0354,0.015611,0.01752,85.253,0.048109,0.051467,4.0791e-08,0.1726,0.075434,1.1476,0.10189,3.1957,3.2676,421.95,4.6973,119.55
0.0062394,0.72094,0.090388,46.466,0.16061,0.02978,5.0026e-07,0.17062,20.535,0.07532,0.014933,7.211,1.4243,411.67,6.7223,130.24
0.0087531,1.0215,0.20924,30.04,0.10385,0.17585,1.6094e-09,0.70687,0.27238,2.0197,0.033065,2.7117,4.1906,419.8,5.4368,52.236
0.099137,0.14721,0.045745,73.281,1.5958,0.018417,1.336e-09,0.024822,0.026804,4.5451,0.06663,3.0886,2.6823,419.38,5.8642,93.752
0.14575,0.079596,0.05899,78.475,1.6151,0.013639,1.2622e-07,0.0227,0.0062326,4.9911,0.023349,1.4583,190.34,423.58,4.6278,42.914
0.003579,1.9999,0.083335,30.294,1.7467,0.033459,7.478e-10,0.15626,103.51,4.9356,0.010175,8.0882,1.3281,416.67,6.2842,75.839
0.021498,0.021292,2.5806e-05,119.9,0.11821,1.6929,0.0021571,5.7013,33.583,3.248,0.15045,3.0653,2.4216,410.56,4.8211,54.065
0.038339,0.0072827,0.017764,30.042,1.2108,0.19846,1.2619e-07,0.33632,0.84933,1.8132,0.025285,2.8906,5.1865,406.42,6.0958,34.266
0.003599,1.1995,0.55825,74.359,0.033876,0.039867,7.8346e-06,0.21087,111.09,5,0.014401,4.3702,1.8675,424.99,4.6103,42.84
0.22039,0.095251,0.031873,119.97,0.0014474,1.0484e-07,1.8287e-05,0.012655,110,0.2714,0.045013,3.4967,200,425,6.7556,259.95
0.055327,0.36397,0.19664,84.182,0.78379,0.0090021,9.2592e-09,0.020555,0.01232,0.38039,0.043496,4.4985,199.97,414.76,5.2568,61.401
0.0089766,0.20551,0.0005089,50.667,0.3615,4.0594e-05,2.2298e-05,0.05455,18.113,4.9661,0.0028825,2.8435,13.392,421.18,5.2445,40.101
0.0096554,0.04322,0.0054517,86.431,1.1474,0.47331,0.0015819,3.2879,6.5936,3.4682,0.078971,6.0789,1.2673,421.36,5.445,57.011
0.0091479,0.10419,0.029801,61.677,1.505,0.35064,0.00029164,2.3346,11.852,4.4457,0.033149,3.1186,199.77,424.7,4.8476,23.716
0.14531,0.32819,0.38304,35.66,1.7374,0.037672,1.7063e-05,0.030549,1.9416,0.044352,0.024975,6.9794,174.67,424.96,5.6623,42.079
0.12582,0.033255,0.08098,41.214,0.12097,2.318e-06,0.00014172,0.05019,201,4.9966,0.052189,1.5454,9.1231,420.11,4.6521,30.626
0.042162,0.014308,0.027896,90.418,0.01075,0.0063555,2.1984e-05,0.067055,0.0057789,1.9629,0.018703,4.9104,198.95,405.2,5.5712,24.683
0.023499,0.039213,0.022427,53.558,1.6555,1.5385,7.6954e-05,3.8975,1.8791,2.3701,0.034799,2.799,5.5632,407.11,5.0739,79.26
0.014391,0.20121,0.11191,45.975,1.1159,0.74436,3.2063e-07,1.1558,9.5509,0.27024,0.01652,6.3075,2.74,406.34,5.1195,50.731
0.062761,0.039846,0.031156,53.89,0.49652,1.145,1.3465e-13,2.4869,1.1703,4.7959,0.73429,1.8934,15.775,423.91,4.7746,45.524
0.021612,0.036929,0.030019,96.205,1.7465,0.024945,5.2448e-08,0.08514,0.033147,2.4244,0.073894,1.9827,89.818,423.38,4.453,71.457
0.009286,0.52085,0.31395,49.915,1.1592,0.1437,1.3799e-09,0.58556,0.25634,4.0083,0.1789,2.3935,6.843,424.97,5.1072,77.679
0.044389,0.088527,0.15954,77.215,0.15216,0.10792,5.6912e-06,0.15133,2.2695,2.9374,0.14688,2.0179,6.415,421.22,4.4334,84.48
0.044091,0.022836,0.019236,53.453,0.50361,0.81115,4.2275e-08,1.7373,5.6032,1.1132,0.49635,2.9423,196.69,424.79,5.5441,92.547
0.014646,1.2701,0.39508,53.693,0.19899,1.6368,2.9876e-05,4.6257,29.045,4.2889,1.9126,2.928,2.6628,424.08,5.4328,142.37
0.0047371,1.9467,0.3454,30.739,1.2344,0.063823,2.6286e-07,0.18805,109.94,4.9559,0.0076064,5.2044,1.7328,416.31,4.5021,51.003
1.8123,0.023606,3.3331e-05,119.75,4.6574e-05,0.085372,7.854e-11,0.042717,1.7766,4.9989,0.020002,1.8302,4.7622,423.52,5.1166,116.28
0.050829,0.052683,0.024896,37.689,0.24681,0.047947,1.1703e-11,0.14749,0.028606,0.39163,0.069407,3.8478,2.7787,420.17,5.5945,78.596
0.044552,0.026501,0.017469,77.514,0.018908,0.037816,4.7621e-11,0.055413,24.842,0.31167,1.424,5.259,1.6901,422.5,5.1567,121.48
0.025746,0.036396,0.10486,43.352,1.6984,0.1066,0.00093565,2.1762,5.3618,0.42761,0.6649,4.7549,190.2,408.51,4.3855,30.539
0.019739,0.39013,0.26576,51.179,0.070908,0.37307,9.8379e-05,1.0164,110.85,1.7469,0.046545,2.0185,10.939,412.29,6.025,55.568
0.061631,0.030493,0.13146,74.831,0.0034656,4.1703e-05,4.1199e-05,0.084945,120.85,4.8428,0.059364,5.4468,1.7725,424.94,4.8435,34.395
0.018322,0.01015,0.0087171,30.049,0.00034188,1.0822,4.1187e-05,6.7713,0.44526,2.3901,0.11261,2.5802,8.7224,416.2,5.4263,114.7
1.4996,0.062759,0.0041093,119.93,0.57504,7.7189e-05,3.5221e-05,0.01989,145.52,0.16699,0.034078,3.9856,169.76,423.96,5.9412,90.743
0.024819,0.018319,0.0050753,84.718,0.54817,0.088293,8.5885e-08,0.27917,0.053758,4.9686,0.038533,2.0553,6.0378,415.8,4.8264,25.038
0.089714,0.064717,0.059584,68.299,0.053738,0.23265,1.4102e-14,0.18082,74.354,4.112,0.081594,1.4465,30.076,405.71,5.2998,69.277
0.014155,0.0061454,1.0316e-05,106.03,1.5541,0.11926,3.0257e-09,0.62731,0.8411,1.6353,0.27255,3.1833,8.9708,405.13,4.2537,61.579
0.028897,0.021039,0.014804,99.775,1.1961,0.050909,2.3987e-09,0.22031,0.037725,2.6977,1.5866,3.748,2.0803,417.21,5.3139,152.84
0.095562,0.05833,0.053276,78.84,0.088519,0.049164,2.5746e-06,0.084963,0.059061,5,0.067982,2.0136,6.194,405.04,5.565,63.37
0.1134,0.37305,0.93292,32.33,0.73181,2.5075e-05,1.4848e-05,0.020392,4.821,0.056615,0.057122,8.3955,111.36,408.18,5.5191,40.004
0.019311,0.022409,1.0548e-05,83.211,1.0034,0.34599,7.472e-06,0.82145,0.26431,0.090427,0.049326,9.9894,81.911,419.84,4.7973,19.698
0.049709,0.37543,0.5663,38.369,0.092272,0.033531,4.5387e-11,0.070419,0.0033782,0.29056,0.061444,4.2002,3.3493,407.25,5.4757,62.241
0.092494,0.48495,1.6911e-05,110.36,0.8272,1.3911e-05,1.6018e-05,0.0043721,109.69,2.7179,0.006551,1.892,31.797,407.91,5.6641,39.207
0.01278,0.016378,0.012693,119.89,0.0013016,1.1416,7.6476e-08,8.4433,4.7176,0.32729,0.025759,4.932,3.8131,424.58,5.5561,48.086
0.02934,0.026111,0.013263,50.973,0.79121,0.8794,9.5128e-09,1.9291,0.70987,0.51016,0.18181,3.5948,19.052,422.01,4.7573,104.25
0.051614,0.6521,0.22437,61.986,0.0132,0.017794,1.7448e-05,0.022348,0.48639,3.9851,0.11116,3.7699,2.1349,424.19,5.2378,62.015
0.014741,0.012788,0.0023297,119.97,0.11449,0.34038,2.7386e-08,1.8688,1.5689,4.9997,0.017531,4.1682,1.7521,424.98,6.0057,144.96
0.052392,1.1407,0.34028,63.618,0.011841,0.028244,4.2509e-05,0.039724,109.9,4.1195,0.40819,4.1676,1.8733,424.11,5.3793,95.276
0.12698,0.11139,0.034124,79.65,0.50731,0.0048379,1.9472e-05,0.015942,1.7178,0.38141,0.017136,5.4761,1.8322,424.79,5.1622,140.46
0.018624,0.11948,0.085956,84.733,1.2176,0.13135,1.466e-08,0.2996,0.3751,0.6762,1.3525,2.7833,199.95,423.36,4.9248,112.11
0.054026,0.01435,0.01243,100.44,0.049027,0.46836,4.5914e-05,1.2095,2.5963,0.84447,0.21366,3.5482,5.3958,407.8,4.8382,67.465
0.045237,0.37311,0.39429,51.986,0.24777,0.019238,1.8636e-10,0.013301,108.75,0.1712,0.51555,6.7173,1.8798,419.92,5.5737,95.238
0.0091585,0.0072641,8.5028e-05,81.009,1.0181,0.27915,7.1151e-07,2.0574,0.58859,4.9953,1.8694,2.3844,4.8972,407.69,4.7507,40.096
0.032434,0.092239,0.048661,72.193,0.11126,0.033148,1.2618e-05,0.081219,0.01242,1.0862,1.5964,2.96,5.1509,410.54,5.1078,145.51
0.060036,0.011498,0.0089288,108.45,1.5245,0.31728,3.2178e-06,0.76427,0.7601,1.2191,0.1648,3.711,199.27,424.71,5.483,130.74
0.39462,0.10516,0.032114,80.746,0.096081,0.017669,3.6869e-08,0.022575,0.01962,0.53138,0.056548,6.906,1.5148,424.9,5.4422,134.8
0.010868,1.4366,0.5263,54.725,1.5367,0.1913,1.9838e-09,0.72732,0.34458,4.9736,0.032209,2.2525,199.87,405.63,4.9905,54.681
0.079814,1.0799,0.33038,68.549,0.62864,0.0085485,8.4204e-12,0.025844,0.0011941,4.693,0.15179,3.2137,2.0292,424.12,4.7035,61.229
0.074816,0.0050813,0.014533,30.365,1.6913,0.032716,0.00022939,0.57011,1.3909,4.7897,0.055564,2.8466,3.8502,423.74,4.4977,20.976
0.24461,0.12007,0.039806,61.216,1.7357,0.013074,6.1187e-08,0.014866,0.025361,4.9852,0.018484,1.5347,53.51,412.31,4.9013,42.145
0.048573,0.19715,0.030942,78.965,0.13738,0.027165,3.4771e-11,0.032908,0.0031766,3.1681,0.068545,3.286,2.6144,410.36,5.0475,55.152
0.0066371,0.13114,0.00011607,51.841,1.3804,0.047677,8.7978e-08,0.23835,20.617,4.9978,0.033886,8.0798,1.2514,411.72,6.4464,215.76
0.06372,0.02523,0.028822,83.029,0.037222,0.020408,2.0535e-06,0.043247,0.026976,4.5914,0.025845,2.2046,13.767,406.93,5.3632,114.85
0.23269,0.18406,0.04533,78.844,1.7498,0.043763,1.3173e-10,0.034285,76.747,1.192,0.033019,2.7442,8.8052,413.19,4.7744,18.498
0.021218,0.01296,0.014472,97.653,0.03468,1.2481,1.2537e-06,6.9124,1.917,0.17384,0.211,5.4077,1.9073,421.29,5.7115,117.81
0.012273,0.8635,1.0506,32.158,1.3585,0.06134,3.6463e-10,0.13035,95.77,2.7772,0.078105,2.7719,2.8823,415.29,5.7157,115.68
0.011911,1.5387,0.63127,57.712,1.0876,1.6814,0.00028583,5.0644,32.026,4.9988,0.1781,2.2883,3.5669,424.86,5.0012,71.805
0.089788,0.029187,0.059283,54.058,0.36134,4.6027e-06,7.9868e-05,0.098185,308.22,1.1472,0.057977,3.0714,13.405,421.32,5.3317,44.867
0.055834,0.042921,0.043123,30.429,1.3509,0.031615,1.1334e-05,0.025604,99.001,1.5553,0.094723,3.0115,2.5601,421.71,4.1909,75.986
0.048784,0.10049,0.089803,30.699,1.1336,0.15986,2.7762e-08,0.25962,1.4166,0.12104,0.040359,3.8565,4.2347,415.56,4.9501,30.09
0.014991,1.4392,0.79836,30.681,0.39502,0.26617,7.061e-08,0.83491,0.42836,4.6079,0.023226,2.2245,9.0024,414.98,5.4011,27.592
0.058871,0.93004,1.037,77.578,0.023351,0.024523,5.8235e-06,0.053445,108.03,4.9971,0.0032308,3.0883,5.5054,424.69,5.4986,34.659
0.03841,0.0076828,0.0063807,34.065,0.89783,0.29075,2.2896e-06,1.1014,12.731,4.5917,0.064686,3.3094,3.285,405.01,4.4546,34.378
0.024565,0.023625,0.0049326,87.112,1.494,0.75662,5.4973e-07,1.839,1.0211,4.7537,0.21171,2.1751,5.4007,416.38,4.9343,53.442
0.035592,0.023214,0.0092164,104.74,1.2049,0.18675,2.0915e-05,0.28855,0.56413,2.7842,0.4998,2.6683,199.75,418.54,4.9528,42.958
0.12699,0.088218,0.06344,82.621,0.28807,8.8702e-08,1.1361e-10,0.0088527,121.35,3.8371,0.064569,1.6339,12.283,418.23,4.6445,79.504
0.062786,0.035226,0.027696,119.97,0.071404,1.3501,7.3421e-05,2.395,21.642,2.1989,0.036605,2.2968,11.218,422.41,4.6014,25.413
0.043533,0.23754,0.17339,31.005,0.24408,0.14247,2.4638e-07,0.23721,1.9628,0.00014111,0.028119,3.8814,4.3893,414.54,5.6518,79.677
0.037096,0.6625,0.37091,83.481,1.6473,8.1773e-07,3.0422e-05,0.028038,146.25,4.5346,0.052173,1.6548,10.273,420.55,5.1116,90.799
0.015669,0.036498,0.014755,53.46,1.0728,0.35044,2.0558e-07,1.1619,0.56727,2.8593,0.17479,1.6006,7.0948,414,6.0674,110.32
0.046721,0.048861,0.022382,50.901,0.76858,0.029222,4.3862e-11,0.043987,0.03573,0.4301,0.053539,4.7329,196.85,405.07,5.418,75.11
1.8365,0.022229,0.045884,41.151,0.10588,6.9438e-06,9.5584e-05,0.097516,2.2913,0.04934,0.038647,8.7136,1.3462,423.49,5.7775,35.131
0.012826,0.030897,0.034207,78.386,0.79267,1.2563,0.0011806,7.5173,14.533,3.8482,0.26344,2.8168,2.9261,415.15,6.0647,91.034
1.5121,0.033373,0.018164,48.639,0.057203,0.027225,3.6491e-08,0.027486,2.6324,3.6384,0.0050176,2.6499,5.5202,405.69,5.1111,40.906
0.1159,0.087145,1.0217e-05,84.636,1.1772,0.0071363,2.4202e-09,0.01324,0.003511,0.85324,0.015109,3.2448,5.5913,415.68,4.6752,66.312
0.018683,0.021741,5.3237e-05,119.98,1.226,0.86783,6.4474e-09,2.3219,4.8913,3.4461,0.32263,2.7901,4.3111,423.29,4.7969,41.011
0.0032589,0.060214,0.0055553,78.081,1.3895,0.20129,4.6849e-08,1.6499,1.3073,4.695,1.589,2.2927,6.4664,411.82,5.0797,47.865
0.049695,0.30935,0.088822,57.6,0.46642,0.025558,2.3639e-07,0.047709,4.1044e-05,3.022e-05,0.042162,8.1843,1.3286,424.5,5.1072,63.42
1.3196,0.0045154,0.0040824,105.71,0.044842,0.01232,7.8039e-05,0.18049,120.44,2.6444,1.0289,2.2269,199.81,422.94,4.6924,88.056
0.044844,0.36737,0.26411,38.618,0.095108,0.022293,1.0891e-06,0.047746,0.0019317,0.41341,0.042025,3.8156,3.0104,405.19,5.3833,81.902
0.12553,0.097352,0.03981,78.845,0.12147,1.2723e-06,2.433e-05,0.052887,86.566,5,0.060743,2.1725,7.1201,413.32,5.0045,55.863
0.013299,0.061248,0.03049,31.453,1.0146,0.2599,1.7241e-08,0.96272,1.1962,2.3067,0.070164,2.2611,6.9169,424.43,6.278,87.101
0.023201,0.033669,0.01165,76.781,0.017908,0.41219,2.6534e-08,1.0906,1.6624,4.7848,0.052548,2.3777,4.2271,405.33,5.1093,63.888
0.033276,0.46986,0.76735,50.972,1.3685,0.04146,4.1809e-09,0.073052,131.84,2.0748,0.12388,2.4324,2.5841,407.22,5.0348,118.21
0.015472,0.013529,0.0026064,83.842,1.5504,1.4861,5.3681e-07,9.0592,2.0709,4.9999,0.025407,3.7725,2.3702,421.56,4.9949,84.519
0.0024875,0.52684,0.25816,49.252,1.4995,0.03328,5.1969e-06,0.51093,3.7255,4.6696,0.0427,3.147,2.4607,405.33,5.0971,106.61
0.053649,0.076707,0.05058,72.224,0.086187,0.086969,0.0001107,0.23096,1.0874,4.4672,0.34343,1.6184,8.8185,411.39,4.7507,76.199
0.070973,0.067646,0.068065,81.59,0.081712,0.078871,8.8393e-08,0.11298,0.051444,3.6694,0.085468,2.0677,5.1136,423.91,5.0667,99.215
0.095383,1.4315,0.21382,62.023,1.4517,0.00012299,2.9617e-05,0.019983,134.27,0.95052,0.041184,4.6291,2.0824,424.99,5.1116,73.726
0.018306,0.054389,0.022907,52.308,0.85179,1.5791,4.7312e-05,4.0122,1.1985,2.2818,0.05154,2.3478,134.21,414.11,5.5417,153.81
0.12213,0.028435,0.056302,30.428,1.1964,1.0692e-06,3.4261e-05,0.035138,109,1.2274,0.073998,2.9246,2.9048,421.7,4.9264,89.434
0.026112,0.017849,0.0073317,78.779,1.2821e-05,0.93418,5.3283e-06,2.8145,2.5095,2.4843,0.16216,2.564,20.075,424.96,5.0874,80.089
0.034379,0.032275,0.013485,64.542,0.71293,0.05544,5.2641e-09,0.11822,0.028611,4.9371,0.25742,2.2756,3.6335,424.43,4.7777,60.572
0.00090372,1.9796,0.046771,68.028,1.2478,0.09676,6.7188e-13,1.1385,111.91,4.7749,0.064102,9.9998,1.2656,424.99,5.3333,154.33
0.093706,0.48832,0.22457,78.996,0.10567,0.013056,1.4311e-06,0.014843,109.08,1.0506,0.025933,2.8651,20.047,414.13,5.416,95.4
0.051206,0.023651,0.028646,79.29,0.031388,0.015687,1.532e-06,0.036382,0.024201,4.9767,0.036432,2.147,22.487,405.39,4.4718,41.384
0.093728,0.4112,0.14224,83.098,1.4066,0.073527,5.3244e-14,0.025574,56.092,4.9143,0.047513,1.7052,83.351,415.72,4.7249,39.635
0.083563,0.066333,0.053936,30.014,1.75,2.2101e-06,3.885e-05,0.049177,133.79,0.14837,0.032877,7.4889,1.4486,421.9,6.1156,97.274
0.023935,0.044939,0.0072494,75.937,0.10691,1.1573,0.00103,3.6861,1.9173,3.6499,1.5439,1.9674,14.363,414.06,5.9388,45.534
0.033363,1.3133,0.60866,54.962,0.71405,0.01888,3.25e-06,0.037621,0.064797,2.4409,0.16467,2.6197,3.9578,412.03,5.3932,60.252
0.014044,0.018457,0.0055109,111.47,0.9993,0.053529,0.00013463,0.37686,0.55809,0.727,1.9835,5.9358,127.67,425,4.9995,24.696
0.013751,1.8987,1.1373e-05,33.814,0.13703,0.011907,3.5003e-11,0.030856,0.038892,2.3258,0.02443,2.6808,8.9033,424.64,3.8974,51.171
0.016695,0.082249,0.0005119,62.192,0.97069,0.43877,0.0087956,0.092321,2.4938,4.146,1.4573,3.1077,2.5157,409.37,4.6197,76.328
0.022108,0.017571,0.017391,99.257,1.0445,0.0016318,9.1558e-06,0.046738,7.6845,0.54918,0.028413,5.4589,200,416.49,4.7772,135.97
0.020414,0.031306,0.011994,62.613,0.68747,1.5405,2.9328e-05,3.522,0.73014,2.0412,0.088732,2.885,3.3952,407.2,4.4995,113.72
0.079098,0.053591,0.048411,108.96,0.092591,0.022284,1.6834e-11,0.031306,0.33317,1.0186,0.014762,4.2859,5.9668,405.19,4.9277,101.31
0.0098816,0.066674,0.00034559,51.815,0.88362,0.60068,0.00023815,1.8634,1.9548,1.2786,0.03478,3.6473,3.541,423.07,4.8695,247.15
0.019703,0.0099746,0.0018832,30.176,0.0061482,0.0062457,1.5016e-05,0.16496,0.0020447,2.0224,1.2428,3.107,3.5415,422.87,5.1189,161.54
0.088645,0.059909,0.033643,102.05,0.054614,0.0014697,3.017e-05,0.033951,0.0016626,3.065,0.075365,1.9931,5.8923,406.68,4.6624,63.57
0.034926,0.10524,0.081469,82.853,1.677,0.092656,1.7467e-08,0.17276,0.91182,0.44019,0.19285,3.7676,4.4211,424.53,5.4765,118.86
0.025865,0.02537,0.00018499,119.95,0.54906,0.69686,6.093e-07,1.7638,2.2248,3.1476,0.31879,2.43,4.5664,420.49,4.8427,104.66
0.056954,0.23074,0.097509,53.264,1.609,5.5841e-05,3.0428e-05,0.011259,1,1.9275,0.038486,2.084,8.962,415.85,4.5515,61.116
0.018629,0.018355,1.0121e-05,119.99,0.11439,1.6601,8.7298e-07,5.2317,0.49701,2.2348,0.14654,1.9842,4.5907,416.02,4.8311,59.481
0.09142,0.072995,0.0050093,104.08,0.54132,0.0018212,2.2631e-05,0.01257,11.878,0.25372,0.021447,6.4178,1.7017,407.45,5.0027,83.988
0.13778,0.081801,0.044984,78.317,0.020863,0.030595,2.0818e-05,0.053652,117.01,1.6823,0.047534,2.434,7.1475,425,4.6268,75.439
0.017517,0.037123,1.5357e-05,32.69,0.60317,1.1062,5.9019e-05,2.2114,2.416,0.012573,0.038631,6.7732,35.762,422.6,4.8165,44.286
0.019193,0.039574,2.1134e-05,85.583,0.87314,0.099872,2.5139e-06,0.22747,0.079988,3.6364,0.074484,2.43,3.1457,407.85,4.7068,172.07
0.015924,0.28369,0.068596,42.22,0.84447,0.21034,6.2372e-05,0.46792,0.71941,2.7063,0.50376,4.0199,1.8469,409.66,4.2065,120.32
0.040027,0.92655,0.92397,42.422,1.665,0.0073993,2.3676e-05,0.055609,0.8629,0.10004,0.044619,6.1897,1.6993,409.65,4.5431,144.06
0.39934,0.81351,0.49589,80.688,0.033383,8.5978e-09,1.7972e-15,0.0065481,105.01,4.392,0.0064315,3.4048,4.3877,413.24,5.7714,60.205
0.068737,0.096935,0.042802,46.404,1.4992,0.0026103,4.3979e-05,0.032618,0.29597,0.37762,0.015311,7.7677,1.3573,409.25,5.6105,88.865
0.064753,0.035781,0.067056,43.397,0.2684,8.5785e-06,3.2528e-05,0.047098,11.778,0.078951,0.038376,4.2692,2.1049,407.44,6.1137,169.48
0.23533,0.83012,0.32236,63.067,1.4277,0.023534,1.8337e-06,0.029304,2.3056,1.5053,0.018758,2.4539,4.3854,424.83,5.5925,178.6
0.0064092,0.65679,0.7119,30.074,1.6519,0.062794,6.1579e-11,0.21909,104.09,3.1419,0.051039,3.0201,2.6541,406.08,5.7178,183.38
0.043401,0.043958,1.0012e-05,82.743,1.0228e-05,0.04495,6.0806e-11,0.077027,0.0047482,0.65874,0.033301,3.2657,47.584,408.08,4.8401,131.96
0.010342,0.088403,0.041627,67.966,0.041995,0.12531,6.7127e-06,0.46834,1.4448,1.9384,1.9231,2.3154,8.2308,405.14,4.4442,183.29
0.059692,0.54737,0.77211,41.617,0.087725,0.026375,1.3534e-11,0.058006,0.23777,0.36162,0.082727,4.007,2.3229,421.49,4.3889,114.93
0.005306,0.043666,1.4614e-05,119.99,0.65526,0.20507,5.8301e-07,1.1166,1.2589,4.9685,0.32963,2.1293,4.5344,413.41,4.3889,139.7
0.0065792,1.3064,1.1109,30.033,1.2784,0.018526,1.6639e-05,0.18073,70.152,2.3832,0.16349,3.3652,2.6246,418.78,4.5542,99.407
0.13837,0.034771,0.035678,95.826,0.25375,0.013352,2.2844e-12,0.025871,1.5878e-05,2.2382,0.013462,3.7591,2.8173,405.6,4.6224,124.43
0.15419,0.52147,0.64174,78.436,0.017921,0.0056491,2.5811e-06,0.020884,109.9,4.3921,0.018853,2.8907,3.9948,409.4,4.7326,114.05
0.088656,0.42199,0.16526,75.348,0.70493,0.058064,4.8605e-07,0.026168,24.404,4.9999,0.029176,1.6898,107.14,421.46,4.8114,65.02
0.017755,0.025477,0.0095356,97.521,0.66814,0.38741,2.0318e-08,1.0182,1.2479,4.3755,0.11462,2.7046,3.7615,418.41,5.1572,152.55
0.040451,0.040279,1.853e-05,99.641,0.0038575,0.085537,1.4302e-06,0.11381,0.096661,0.49494,0.032803,5.0311,3.6812,424.44,5.1663,67.725
0.042021,0.042551,0.026914,31.979,1.6719,0.11593,1.5063e-06,0.24805,0.92538,0.26119,0.070653,3.3501,3.3774,425,5.3083,87.867
0.16481,0.20937,0.1753,78.956,0.06223,0.0035979,3.5476e-06,0.025238,0.033161,3.9746,0.014798,2.2381,5.8326,405.05,4.8337,175.14
0.033328,0.019368,0.0097959,51.22,0.43452,0.72895,1.2106e-08,1.7827,0.6526,0.89207,2,3.3633,5.4034,424.81,4.4107,69.077
0.095228,0.043616,0.027522,102.72,0.14121,0.032433,9.2275e-06,0.048166,0.043131,0.090334,0.012204,7.273,120.82,415.04,4.5819,140.96
0.02972,0.021302,0.0062141,85.678,0.88224,0.4131,3.6103e-08,1.0354,0.32088,4.0897,0.065808,2.6312,3.9956,413.94,4.9696,103.41
0.0030836,0.26367,0.2813,100.08,0.026199,5.977e-06,7.2176e-05,0.51212,17.214,0.00041265,0.042552,5.2951,46.553,413.57,4.6579,90.391
0.24171,0.13092,0.11719,76.683,0.091667,0.0012239,1.1083e-05,0.027165,99.841,2.5978,0.0383,1.8912,10.601,414.24,5.4884,165.65
0.059623,0.048037,0.03469,62.734,0.068861,0.52102,3.2817e-06,0.95506,1.8669,3.7168,0.62078,1.4708,20.78,405.05,5.0111,175.51
0.029952,0.027193,0.014925,53.935,0.83105,0.89835,9.8629e-09,1.9954,0.65239,0.46451,0.24438,3.5866,3.758,424.42,5.166,203.22
0.0041063,0.1972,0.0001214,30.339,1.0432,0.063053,5.6609e-09,0.19083,7.2709,4.4489,0.12565,1.9625,4.1015,407.1,4.922,273.06
0.058999,0.99414,0.4068,67.926,0.0099525,0.030058,5.9532e-05,0.048807,109.95,4.7549,0.44595,4.6239,1.9146,411.48,4.7744,40.976
0.020893,0.011958,0.0038346,104.32,1.5808,0.43549,0.00015015,1.7391,0.20072,0.256,0.151,4.7508,196.79,407.67,4.0306,85.256
0.0077349,0.061944,0.031021,107.43,0.71319,0.0356,1.3756e-09,0.12808,0.30167,1.7645,0.64987,4.1444,1.953,420.95,4.2117,62.874
0.051595,0.041861,0.021901,43.579,1.625,0.029941,4.3861e-11,0.051075,0.026957,0.32068,0.077562,4.5373,3.6208,424.96,4.8861,87.378
0.006767,0.25829,0.087191,79.775,0.55416,0.0060958,0.00036492,0.92172,1.6175,4.0981,0.42662,2.1157,27.382,415.76,4.9331,65.015
0.021014,0.023394,0.013298,116.21,1.4536,0.85608,3.8145e-08,2.7703,35.422,2.7192,0.027233,3.8044,5.2433,415.13,4.8208,20.418
0.39601,0.070012,0.015429,74.349,0.042543,0.0042206,1.9836e-11,0.0061129,0.010741,4.8748,0.041039,2.3179,3.2062,414.98,4.7551,68.894
0.027784,0.15538,0.29382,57.95,0.0081296,0.048318,5.3519e-11,0.066246,146.4,4.9999,0.085198,2.6224,61.555,425,4.5367,37.189
0.047847,0.010749,0.0041328,82.528,0.0057182,0.61494,8.6182e-06,1.7843,1.613,1.655,0.048022,3.7134,5.4909,407.73,4.7792,38.185
0.005767,0.92448,0.55134,43.748,0.15748,0.93988,8.8013e-08,3.1516,36.174,1.8451,0.12181,3.5944,2.8937,410.84,4.7805,64.132
0.010293,0.083531,0.054601,44.912,1.3585,0.73869,0.0060847,7.7291,7.0616,4.7982,0.044245,2.1503,34.868,423.01,6.1221,22.248
0.024308,0.0096984,0.0025226,103.94,0.79054,0.58154,2.272e-05,2.6419,3.372,4.929,0.019052,2.7868,3.1758,417.41,5.2788,142.41
0.015,0.020584,0.00035737,56.521,0.20477,1.6457,0.00014146,7.1221,0.33528,4.8028,0.035659,1.9916,156.71,415.84,5.1661,131.42
0.029509,0.01498,0.0025891,77.627,0.89586,0.3069,5.6829e-08,0.77609,9.7071,4.8637,0.049985,5.7855,1.6438,419.98,4.9445,106.96
0.017748,0.060993,0.04634,48.025,0.16097,0.96896,5.3647e-05,1.4427,85.8,1.6469,0.024344,3.8712,2.5489,407.78,5.3349,128.4
0.019354,0.47392,0.35121,66.816,0.023539,0.031227,2.8915e-08,0.05928,0.88111,4.7839,0.06013,1.3886,6.447,405.05,4.2306,109.07
0.0094392,0.041526,0.016937,44.416,0.205,0.38125,2.4252e-13,1.3863,0.32461,1.5755,0.52777,2.6884,5.1709,411.5,4.6199,79.433
0.0081668,0.065183,0.030976,79.703,0.40971,1.0738,1.9192e-05,4.8794,5.9239,4.6827,1.969,2.34,2.9239,406.83,4.7223,159.34
0.020673,0.012142,0.0069632,30.048,2.0524e-05,1.6986,2.0054e-06,8.2475,0.16747,2.995,1.7805,2.1624,8.0838,424.98,4.7223,157.94
0.0071967,0.033596,0.020451,76.618,0.026186,0.4302,1.7288e-07,2.6672,0.58796,1.721,0.17642,2.5077,9.8729,411.15,4.8878,203.93
0.014537,0.21669,0.3439,34.211,0.053886,0.08383,4.5667e-12,0.23736,0.983,4.9976,0.17424,4.8334,1.7162,405.19,4.4444,144.89
0.014656,0.015105,1.7134e-05,34.307,0.0043351,0.41729,0.00014946,1.8597,0.40533,4.9999,1.6759,2.3315,2.8056,424.94,4.7649,63.653
0.035609,0.13734,0.045787,85.633,1.4765,0.76211,0.00014304,1.1675,1.947,1.1565,1.8103,3.0206,2.0373,424.95,4.5617,151.8
0.42445,0.12541,0.13065,63.462,0.045515,0.0013249,8.4858e-06,0.014106,0.14493,0.64392,0.043635,3.3077,16.977,406.1,4.4946,80.752
0.082472,1.321,0.90846,76.688,0.10542,0.00069607,1.2526e-06,0.014476,0.8443,4.4871,0.057594,2.1003,6.9575,416.1,4.936,79.134
0.047397,0.025693,0.011816,83.238,1.5107,1.3152,0.0012345,5.6225,1.1801,0.67925,0.011594,4.4206,4.1653,416.47,5.0247,64.853
0.12869,0.084627,0.040616,86.204,0.020694,0.027396,2.1404e-05,0.06199,154.53,1.6826,0.052821,2.4801,7.0571,424.97,5.3464,86.646
0.018573,0.032822,0.014783,84.913,1.1859,1.4374,3.6617e-06,3.2983,2.1126,2.2011,0.25038,2.7238,199.91,424.62,4.7507,72.18
0.031722,0.029408,0.01173,81.223,0.15899,0.045032,1.2843e-12,0.1135,0.077222,1.1077,0.059498,2.6416,108.6,407.64,4.5917,171.62
0.032411,0.94676,0.24702,81.704,0.23964,0.046493,2.5973e-11,0.062098,1.9396,1.5542,0.054717,3.7983,2.2417,424.59,4.8891,134.9
0.01345,0.032457,0.020919,37.296,0.22032,1.699,2.7235e-10,6.4703,0.18602,4.9963,0.053562,1.7007,28.683,416.79,4.5148,141.47
0.0048573,1.1264,1.3917,52.741,0.018421,0.74949,0.00012057,6.8378,4.5066,3.7692,0.13189,2.2461,4.8736,415.75,4.8876,186.3
0.027474,0.077097,0.045495,76.729,0.55657,0.27181,2.0981e-10,0.43463,0.48477,1.7702,0.60159,3.3916,3.1244,424.54,4.6179,54.765
0.055429,0.02189,0.01673,95.551,0.03037,0.51645,0.0015211,4.2398,27.447,4.986,0.23193,3.0011,2.415,410.42,4.7047,116.48
0.021381,0.021701,0.00079132,41.312,1.2014,0.080854,2.6404e-11,0.23222,0.35764,5,0.05145,3.3426,3.2112,414.86,5.9449,62.535
0.061647,0.033656,0.023331,84.642,0.0037484,6.827e-06,4.6491e-05,0.076402,120.51,4.9979,0.24398,9.9721,1.3056,408.49,5.3928,53.389
0.018887,0.022069,0.0026949,39.558,0.86075,0.697,3.7675e-12,1.7331,2.1425,4.4863,0.031203,2.5486,6.4486,415.01,5.1051,56.15
0.068352,0.58472,0.75244,36.743,0.16847,9.1999e-05,2.4464e-05,0.022729,3.6132,0.093147,0.031077,8.4293,177.63,420.63,4.7495,89.588
0.098762,0.12467,0.095791,74.269,0.61353,1.6762e-05,1.2076e-05,0.0095381,0.021455,3.0918,0.020171,1.9981,51.621,415.12,4.6111,40.975
0.11167,0.086,1.0225e-05,107.21,0.20566,0.0063848,3.5139e-12,0.012131,0.0040319,0.8621,0.016035,3.2506,7.0753,405.63,4.3333,46.921
0.012499,0.041646,0.0082098,71.291,1.1418,0.3333,1.0727e-05,0.70018,0.59487,2.3145,0.49737,3.3269,4.6509,421.92,4.2815,39.392
0.30372,0.85037,0.45345,98.051,0.032999,0.00045106,6.2547e-06,0.017663,8.4721e-06,4.1148,0.013115,2.8009,4.709,424.71,4.9998,112.11
0.02126,0.3661,0.14152,72.498,1.0945,0.020547,5.3851e-11,0.048517,2.6988,1.3008,1.96,4.3314,2.0611,414.84,5.887,63.854
0.027567,0.027091,1.0513e-05,54.052,0.00023131,0.02744,1.9756e-10,0.026392,1.1942,4.9908,0.020354,9.9989,1.2931,417.63,5.9925,144.93
0.021851,0.0049146,0.0068082,40.71,1.1377,0.53665,0.0015014,8.7661,3.0412,1.3305,0.59006,3.7812,2.0728,415.45,5.4273,61.659
0.046637,0.077153,0.15866,58.233,0.011252,0.066608,5.3844e-08,0.065391,109.86,4.4024,0.030843,2.5685,7.4363,424.76,5.3753,81.767
0.067266,0.042505,0.017749,78.432,0.035667,0.039012,4.561e-11,0.041387,0.11917,0.63844,0.043702,7.3756,1.462,413.43,5.0018,95.904
0.011934,0.047073,0.029926,100.25,0.93322,0.0938,1.0085e-08,0.3103,0.40706,1.6665,1.9159,2.8368,5.22,405.49,5.7778,103.95
0.038627,0.028784,0.024874,45.306,0.236,0.36868,0.0009424,2.411,1.169,0.17387,0.29316,5.1864,55.849,406.43,5.6839,106
0.027124,0.017214,0.011793,90.531,1.348,0.03603,3.9097e-08,0.12337,0.010938,1.8824,0.1277,2.3747,55.407,417.1,5.5852,81.299
0.12865,0.40423,0.41067,40.992,0.054054,0.018384,2.829e-11,0.041728,0.011263,0.32435,0.067261,3.7121,180.26,407.83,5.7136,141.64
0.056832,1.3113,0.22439,75.358,0.015035,0.021199,1.7165e-05,0.022691,0.1335,4.9117,0.066216,3.9448,1.9744,418.76,4.6695,90.829
1.0982,0.19055,0.10075,50.166,0.65477,0.0038668,8.3212e-06,0.0089292,6.597,0.87494,0.013919,5.1623,2.1435,407.03,4.3482,74.439
0.53475,0.040241,0.044667,72.029,0.050203,0.017285,1.0628e-13,0.025077,0.13635,5,0.19433,10,1.3032,415.31,4.3889,64.672
0.033637,0.025615,0.012315,96.504,1.7017,0.15044,2.4445e-07,0.30454,0.074644,2.7706,0.14634,2.3671,7.3472,425,4.3286,42.086
0.5623,0.042934,0.035053,72.029,0.11737,0.013053,2.0374e-07,0.018778,0.099266,4.4737,0.098604,9.4538,1.2826,411.77,4.6664,183.25
0.052491,0.054571,0.030291,40.914,0.19849,0.11946,4.0519e-05,0.090467,36.979,1.6491,0.019141,2.9319,7.9826,422.66,5.0419,100
0.021102,0.084489,0.044733,49.622,1.4399,0.34779,2.1728e-05,0.52018,2.2963,4.9618,0.021334,5.6339,1.6092,414.56,5.0572,124.91
0.17664,0.053484,0.011943,55.1,0.036557,0.017794,2.282e-09,0.016401,2.0523,4.9772,0.0032064,2.7445,5.3201,413.57,4.9422,160.62
0.0505,0.0080026,0.0018799,90.871,1.3286,0.8373,6.0972e-07,3.0523,2.374,0.81487,0.13173,6.1727,1.5618,416.24,4.447,87.839
0.059754,1.1072,0.29018,63.054,0.0051583,0.01711,8.2215e-05,0.063684,131.96,4.9999,0.39599,4.7677,1.916,415.48,5.1261,28.482
0.015956,0.01532,0.0050323,69.214,1.5395,0.40914,9.2441e-08,1.5418,0.74385,4.9952,0.039176,2.369,2.9833,413.82,4.3852,79.546
0.017692,0.084381,0.054277,45.039,0.33844,0.82317,4.75e-07,2.8467,3.3508,1.4776,0.017325,2.7738,6.8394,411.96,5.5555,172.93
0.019014,0.020527,0.0059913,119.69,0.36871,0.19872,6.8486e-06,0.59836,4.6078,2.3166,0.69025,3.88,2.3079,407.04,4.6725,59.976
0.033392,0.056066,0.040543,74.812,1.7499,0.01637,1.9317e-06,0.027334,0.027472,0.054406,0.055483,10,4.7054,409.31,4.4976,82.526
1.2538,0.011226,0.0078779,87.496,0.89032,1.0409,8.2419e-05,2.2232,6.6685,2.2032,1.0028,2.8494,2.3431,422.04,4.2218,78.73
0.018391,0.92985,0.56554,30.085,0.82821,0.070364,4.4926e-06,0.1913,2.4881,0.62701,0.010406,8.5048,1.3827,413.85,5.8893,200.61
0.032215,0.052076,0.0028046,89.054,1.0785,6.6682e-07,1.309e-05,0.028838,1.4429,1.9963,0.0098592,2.6575,200,423.86,4.7771,98.462
0.027878,0.024305,0.00797,119.97,0.6508,0.055606,1.8134e-13,0.17696,0.010853,1.3148,0.027341,4.8521,1.866,424.96,4.75,107.17
0.076133,0.12939,0.13939,63.906,0.060343,0.014555,5.9759e-09,0.016312,0.28019,1.097,0.034488,3.0533,5.5126,405.53,4.1903,40.361
0.010834,0.079286,0.026264,75.192,0.014699,0.050602,2.4554e-10,0.14617,0.11292,4.9886,1.6263,1.986,6.5488,407.22,4.1667,47.919
0.01517,0.019903,0.0084228,102.98,0.94156,0.092008,2.0201e-08,0.23943,0.17569,0.010832,1.5526,8.1931,79.303,416.45,4.5755,55.841
0.03718,0.032045,0.014101,54.022,1.2353,1.2626,3.8617e-09,2.645,1.185,5,1.9788,1.5564,14.218,424.98,5.1082,106.47
0.038032,0.015891,0.017446,86.763,0.041558,0.049643,4.6385e-08,0.15505,0.10123,1.5532,0.31943,3.3522,2.0024,424.94,4.7331,140.58
0.047219,0.030423,0.033887,108.69,1.58,0.019612,1.9288e-06,0.062102,0.0047998,1.2921,0.03018,3.933,179.81,414.84,4.9059,68.495
0.028,0.01445,0.014496,85.342,0.040264,0.083707,2.2502e-06,0.24972,0.038908,1.1322,0.10172,5.0579,44.937,424.83,4.6952,46.277
0.049684,0.45981,0.26064,52.37,0.0082937,0.015792,3.9903e-05,0.039327,0.33662,3.8978,0.48579,4.424,1.8963,409.95,4.8057,58.024
0.17333,0.3587,0.2071,48.183,1.75,0.00014985,1.9239e-05,0.014196,0.9468,0.033069,0.031599,7.9026,180.27,424.3,4.944,56.189
0.031973,0.028397,0.008992,56.869,0.025882,0.048398,0.0017069,2.6356,0.41487,4.8247,0.769,1.9856,6.3824,408.09,5.0036,67.906
0.024086,0.020834,0.0025028,87.578,1.1947,0.39262,7.0669e-08,1.087,0.067679,1.9768,0.052381,2.2338,7.0729,422.07,4.782,50.88
0.16709,0.092326,0.0085153,72.857,0.053942,6.2159e-08,1.4008e-05,0.010717,110.99,4.9984,0.057237,2.5977,3.2874,416.75,5.479,43.746
0.096779,0.084127,0.021218,89.707,1.5903,9.5995e-08,2.109e-05,0.018236,55.192,0.93338,0.026798,4.7685,1.6476,424.03,5.5314,125.34
0.044882,0.019788,0.02819,44.448,1.4028,0.37145,0.0004336,1.5283,1.2629,0.31301,0.043766,5.0788,199.05,410.12,4.4698,24.601
0.16555,0.023801,0.044055,86.228,0.012659,0.0044397,6.667e-06,0.026649,0.081427,2.3144,0.024283,3.0686,3.7701,408.53,4.9541,106.64
0.016108,1.8628,0.65173,30.585,0.53757,0.097425,3.1867e-10,0.19623,39.815,3.7711,1.1647,3.6313,1.9503,408.62,6.9944,181.62
0.19968,1.0041,0.60381,84.157,0.11591,0.0088962,5.8827e-08,0.020266,0.40578,4.8395,0.017906,2.3722,7.7243,424.51,5.6426,86.138
0.009782,0.64089,0.3002,40.375,0.34507,0.11955,6.7778e-08,0.41937,0.82218,4.7209,0.024995,2.0326,5.0509,424.39,5.9449,159.12
0.053126,0.046496,0.029885,100.52,0.4431,0.0032784,2.0002e-06,0.015126,2.1584,4.705,0.022656,3.6308,2.0023,406.17,4.4444,86.812
0.020076,0.17286,0.12128,30.559,0.072535,0.055652,5.3008e-12,0.12676,102.13,0.80092,0.049037,3.1266,2.6273,416.89,5.5556,44.254
0.038945,0.031625,0.010939,51.903,0.47818,1.3734,4.0149e-06,2.8303,0.14201,2.9732,0.060475,1.7252,84.82,405.14,4.6054,34.995
0.011008,0.51173,0.72326,73.01,0.038503,3.5929e-07,2.6924e-05,0.096613,141.91,4.9508,0.00067242,4.8107,16.645,424.79,5.259,45.834
0.13191,0.10473,0.033011,60.674,1.0748,0.066508,2.3677e-07,0.074478,0.48245,3.127,0.091409,1.9678,6.0849,407.61,4.5394,35.413
0.23406,0.071581,0.039455,65.101,0.064896,0.0084922,4.7275e-11,0.020928,0.01345,3.7064,0.025568,2.0664,6.218,405.02,5.5064,86.89
0.0079334,0.098874,1.2357e-05,59.711,0.78371,0.76872,4.8941e-05,2.2696,6.7084,2.8294,0.25829,4.7015,1.3005,420.99,4.3926,67.226
0.010753,0.0036782,0.00052075,120,3.8939e-05,0.32353,0.00062559,9.1047,11.128,0.16478,0.12339,4.2235,185.46,418.11,4.5555,40.936
0.033951,0.036534,0.045372,35.211,0.06443,0.041548,1.3328e-05,0.1073,0.7918,0.66054,0.029814,4.204,2.6145,419.9,5.1111,68.756
0.024012,0.013059,0.0029474,45.3,0.12223,1.6689,6.3477e-05,6.9656,0.79279,5,0.036815,1.8523,137.93,417.24,5.26,103.41
0.022359,0.4825,0.57552,59.694,0.50658,0.032324,7.1122e-05,0.179,0.082123,3.9997,0.049337,2.4824,15.29,424.73,5.1411,30.736
0.018347,0.016431,0.0013611,85.233,0.50231,1.5066,2.6543e-07,5.8023,4.4823,4.9329,0.043759,2.5183,3.3797,424.97,5.9417,180.55
0.028213,0.020426,0.0056931,67.699,1.4725,0.08608,2.747e-06,0.26223,0.20138,4.8286,0.035187,2.0138,7.6524,405.12,5.6704,62.851
0.039768,0.025512,0.0080619,76.898,0.099606,0.63552,2.7535e-05,1.23,1.0048,1.6784,1.9782,2.8543,3.1145,413.8,4.6045,82.412
0.037425,0.032676,0.030273,42.976,0.2647,0.068887,9.9759e-06,0.13555,5.9401,1.4065,0.041019,3.3395,9.7517,407.7,6.0645,33.075
0.039176,0.039392,1.2587e-05,50.231,1.3598,0.013048,2.5797e-11,0.034354,0.0076476,0.60832,1.6047,4.4424,1.9189,420.05,5.2256,68.617
0.015938,0.031995,0.0032446,103.63,0.51494,0.06103,1.6027e-13,0.17245,0.80306,3.3168,1.1364,3.3197,2.3737,418.31,5.723,94.528
0.069596,1.2637,0.41303,62.298,1.4008,0.016851,1.0402e-12,0.032801,0.34762,4.9133,0.13886,3.4089,1.8529,423.98,5.7223,128.42
0.0046639,1.387,0.42483,54.621,1.3922,0.12046,1.3332e-10,0.37879,8.0549,3.0789,0.067243,2.8421,6.1622,420.1,4.8869,104.27
0.029561,0.016845,0.0061453,99.804,1.7172,0.86147,5.3367e-06,2.5111,2.3494,2.1448,0.032143,3.2694,199.67,412.83,4.7381,38.839
0.075576,0.37681,0.42595,52.549,0.11759,0.029015,2.3471e-12,0.01851,87.001,0.18303,0.57532,6.6827,1.6868,424.52,4.9335,48.899
0.016456,1.3424,1.2291,55.047,0.4595,0.0027361,3.7255e-05,0.058443,0.022038,0.39101,0.081168,3.599,3.4669,421.06,4.556,78.357
0.072393,0.063565,0.03339,34.84,1.574,0.00017895,0.00013582,0.044275,122.1,4.897,0.05428,2.8585,2.6341,405.6,4.7941,25.734
0.017714,0.013943,0.0020446,113.69,0.64909,1.4631,7.5029e-07,6.505,3.6698,2.8233,0.13255,2.6663,8.8555,419.51,4.7911,46.2
0.014263,0.46481,0.51779,51.036,0.22961,0.11928,1.4925e-09,0.42898,0.47539,0.30523,1.1334,2.9378,21.989,405.3,4.4139,34.973
0.018892,0.054466,0.038755,41.209,0.04002,0.03186,1.1649e-05,0.10026,0.91642,0.39449,0.036595,4.5021,2.9831,418.82,5.1114,51.429
0.037336,0.78086,0.13317,70.371,1.2922,0.14923,1.8646e-20,0.079554,51.243,4.5,0.056874,1.6238,96.271,424.89,4.6101,58.295
0.018671,0.028582,0.0013731,110.67,1.1302,0.68542,4.3879e-08,1.6213,1.8856,4.7725,0.24551,2.148,6.8096,411.56,5.0297,39.599
0.12079,0.091128,0.035104,69.411,0.12359,0.015703,3.334e-05,0.052015,194.92,3.3705,0.078439,2.1257,5.2378,423.15,5.3139,77.821
0.080491,0.057979,0.021568,97.071,0.025354,4.0829e-05,4.3284e-05,0.024474,88.363,0.09354,0.040634,9.8714,138.41,420.43,4.6015,94.775
0.034158,0.026783,0.0093938,94.817,0.037492,0.59336,6.5669e-06,1.1366,1.592,4.963,0.12676,2.3055,5.5472,406.3,5.0082,47.115
0.07499,0.059196,0.016737,78.842,0.2391,0.16231,7.1382e-06,0.10295,76.732,4.2189,0.052026,2.2505,8.1223,413.31,4.2777,27.071
0.031256,0.012798,0.0074673,106.99,0.56583,0.19439,3.2195e-05,0.73271,0.32506,2.3502,1.9471,2.6492,12.509,424.94,4.8454,123.18
1.6095,0.054988,0.00021033,35.896,1.2931,0.0064427,4.2877e-08,0.013394,0.022431,2.3628,0.00023854,4.0024,10.487,405.57,5.1764,37.657
0.099406,0.60762,0.25198,84.524,1.4067,0.012968,3.4363e-05,0.015556,1.1338,0.61723,0.046513,7.6801,1.5725,417.54,5.2685,43.775
0.016705,0.046275,0.021459,87.766,0.031678,0.045378,1.3325e-05,0.10611,0.60327,2.8991,0.73066,2.3553,9.42,405.2,3.9567,63.432
0.028883,0.63354,0.20659,93.692,0.038038,0.045149,6.4465e-06,0.08676,56.357,1.6438,0.0010621,3.6418,6.4864,424.35,6.383,332.82
0.012213,0.35833,0.0014354,60.77,0.11434,0.011677,8.5652e-08,0.035407,0.010641,4.8022,0.0048738,2.6146,8.0805,424.6,4.9366,42.999
0.010289,0.33874,0.056913,53.719,1.0511,0.26221,4.2146e-05,0.60347,1.0809,2.5946,0.17458,3.5164,2.3244,414.08,5.0967,158.53
0.090771,0.049923,0.043074,86.556,0.023985,3.3883e-07,2.8049e-05,0.015653,121,0.10223,0.02681,9.4891,178.51,413.08,4.7361,78.895
0.019982,0.02076,0.0016783,54.98,1.0979,0.33395,0.0017212,7.6363,3.1541,4.3536,0.29111,3.7529,2.0357,411.14,4.9426,107.62
0.026581,0.9277,0.50406,119.99,0.00020238,0.007256,3.6646e-11,0.025416,0.002397,3.5126,0.0025057,3.2224,17.629,424.37,4.9445,88.562
0.0055954,0.11561,0.00055462,100.38,0.72876,1.3089,0.00071256,5.0292,39.05,4.6981,0.14326,4.278,1.7364,416.36,4.7485,108.03
0.025027,0.021613,0.0081384,44.696,1.1982,0.82894,0.00011221,1.6564,1.7852,1.2461,0.079946,3.5963,3.4588,410.76,4.6108,72.228
0.041967,0.0096012,0.0037533,105.38,1.746,0.30384,0.0005004,1.8881,0.39878,0.71147,0.1221,4.112,54.605,410.47,4.5438,68.647
0.022969,0.018532,0.0040933,30.034,1.7499,0.68821,3.6484e-12,1.7275,0.84226,3.6426,0.046462,2.6584,9.5293,405,4.0711,26.393
0.016642,0.10855,0.027005,76.397,1.6608,0.98814,0.00052539,0.97169,81.329,0.59061,0.15005,4.012,4.1354,417.14,4.4599,107.12
0.01445,0.056252,0.04136,82.111,0.68922,0.13315,2.9693e-06,0.26057,2.8524,0.63888,0.42532,3.6284,4.0156,406.85,4.821,86.546
0.030006,0.5021,0.24738,70.641,0.14548,0.034833,1.1586e-05,0.045114,1.9537,1.2876,0.016251,2.9161,15.489,405.29,4.6111,62.505
0.15304,0.0045478,0.0043839,77.197,0.10291,0.078248,0.0011449,2.3634,119.5,4.3152,0.12776,2.4652,6.1567,421.36,4.5493,51.355
0.003509,0.40854,0.32003,57.679,0.93126,0.90458,1.9988e-06,3.37,30.928,3.4917,0.018088,4.5071,1.9386,420.93,4.5534,42.586
0.0026112,1.1617,0.50814,36.684,1.625,0.056735,0.00022209,0.78164,1.7619,1.2417,0.0055792,3.8069,2.8861,424.84,5.1667,100.63
0.020445,0.013696,0.010471,102.2,0.93874,0.059492,2.5726e-11,0.27187,0.03296,1.0447,2,3.3222,16.668,416.94,4.4405,48.187
1.4956,0.071606,0.0053519,90.449,1.0136,0.0025069,5.5603e-05,0.022211,0.87927,0.27867,0.021512,3.065,5.3212,413.55,5.6652,101.76
0.030929,0.0074261,0.020006,77.636,0.0070418,1.0886,0.0008189,3.4087,106.49,3.2862,1.7608,3.9308,176.17,421.8,4.8803,71.834
0.015682,0.1771,0.069531,41.37,1.1587,0.31138,2.6278e-05,0.49458,1.1958,4.6312,0.69278,4.1225,1.7087,424,4.7778,94.452
0.018329,0.033252,0.0151,77.538,1.1729,1.4261,4.5556e-06,3.2114,2.2136,2.0924,0.098714,2.7442,53.531,421.97,4.6873,93.376
0.02168,0.03522,0.021746,54.599,1.5572,0.14706,0.0010532,1.4021,0.096815,1.8718,0.065656,2.2477,15.182,405.54,4.3393,92.058
0.014919,0.77815,0.88723,30.642,0.62642,0.015862,7.5327e-08,0.057914,0.0020889,3.5046,0.0034968,3.1879,10.388,415.27,5.2682,62.677
0.016106,0.056697,0.026781,65.303,1.597,0.4726,8.7359e-08,0.67495,8.8045,0.19819,0.055827,5.9475,179.27,414.68,5.6063,58.991
0.023862,0.95637,0.77468,90.875,0.027146,9.9435e-05,4.5709e-05,0.04836,5.8128,4.4759,0.046846,1.8191,12.047,405.92,4.1144,65.764
0.014001,0.56652,1.0368,81.849,0.050158,0.087425,7.2437e-11,0.071968,1.8439,4.7686,0.14588,2.7954,2.3239,424.47,4.6027,87.805
0.013854,0.034591,0.00020934,30.014,0.96601,0.73691,0.00019019,1.7217,2.4982,1.0346,0.058583,4.0184,3.9967,409.09,4.9171,68.617
0.056019,0.043202,2.5326e-05,74.871,0.74686,0.043789,1.5947e-08,0.068668,0.0076396,0.53284,0.051886,3.6918,199.97,405.19,5.0893,54.119
0.047592,0.049256,1.0223e-05,119.83,1.3932,0.043438,4.1918e-10,0.068736,0.014619,2.3152e-05,0.055709,5.9515,198.3,406.1,5.0837,46.559
0.011519,0.047876,0.039954,52.215,1.6793,0.53273,3.5058e-06,2.1937,2.3228,4.9919,0.070704,1.9132,2.7391,413.89,5.6659,255.6
0.020102,1.5487,0.86627,50.321,0.90596,0.0092154,1.0318e-10,0.037812,8.7718e-05,4.9339,0.0042828,2.5632,10.001,424.39,6.2254,115.02
0.069195,0.1176,0.082532,74.997,0.11204,0.019609,2.9448e-06,0.025946,0.045806,0.088206,0.022515,8.0519,74.476,421.8,4.2246,29.911
0.056736,0.0038647,0.001417,89.517,1.7385,0.00013815,0.00084052,1.9516,1.5638,4.9732,0.088824,2.5442,106,411.62,4.6112,58.338
0.047858,0.019689,0.023377,92.426,0.041201,1.6435,0.00019709,2.6226,12.067,4.3459,0.75664,3.8151,1.9317,417.81,4.7773,72.837
0.031645,0.031689,2.8344e-05,47.372,0.47473,0.041063,4.5815e-05,0.13266,0.0011865,3.5545,0.10277,1.9984,16.561,408,4.4525,60.869
0.031625,0.21366,0.27575,68.552,0.019434,0.60024,4.0438e-07,1.0039,8.1625,4.4828,0.17343,2.518,3.998,405.02,5.3462,51.28
0.026017,0.020692,0.0010047,86.373,0.90296,0.80311,2.1715e-07,1.6215,2.1964,2.5743,0.048457,2.5833,9.7829,416.61,4.3384,44.88
0.048302,0.0090842,0.0035745,119.9,0.44767,0.47059,1.3065e-06,1.4105,0.72705,1.9474,0.1022,3.6047,4.8834,423.22,5.3729,44.486
0.57016,0.0033249,0.012129,41.867,0.0763,0.010522,4.8483e-05,0.18049,1.4365,3.0909,0.27293,3.9875,2.4084,421.77,5.0712,39.543
0.035868,0.021912,0.031635,42.847,1.3502,0.50575,0.0004399,1.6037,1.2332,0.30774,0.061915,4.8696,190.26,410.21,4.7814,35.88
0.34296,0.95647,0.43373,82.238,0.04224,0.00046239,6.1773e-06,0.015327,8.7535e-06,4.9997,0.0088762,2.9297,4.7698,421.89,5.2089,65.842
0.093661,0.21278,0.056592,78.749,1.1384,0.042734,6.196e-06,0.033539,66.208,1.0963,0.046265,2.8616,14.217,414.67,5.0592,47.827
0.027345,0.056884,1.3601e-05,119.97,0.7426,0.74489,4.2302e-06,1.3943,1.1873,4.6057,0.052518,2.1742,5.0554,419.58,6.3807,66.177
0.0093611,0.040342,0.021607,31.192,1.3074,0.30071,0.00010152,1.505,0.44841,1.2407,0.089764,2.6002,12.601,413.06,4.7811,53.557
0.11387,0.42028,0.48767,39.242,0.066751,0.021199,3.3164e-11,0.039928,5.8448e-05,0.34762,0.052528,4.1022,3.3872,405.21,5.3322,111.4
0.018537,0.016199,0.0067215,87.06,0.022457,0.48314,3.0606e-07,1.6392,1.473,3.3704,0.08631,1.8065,6.3186,406.35,4.7013,96.987
0.0045839,0.72347,0.74667,44.63,1.4794,0.068283,8.6399e-05,0.76849,0.63987,4.9175,1.4545,2.411,3.5069,409.83,5.1111,102.56
0.0053097,0.31045,0.37446,45.88,1.6403,0.046083,6.295e-05,0.54859,0.53825,4.9831,0.12972,3.0286,2.2636,407.29,5.1667,123.62
0.020831,0.013793,0.011748,100.52,1.0466,0.054611,2.3764e-11,0.26669,0.030281,0.8584,0.49521,3.3231,3.5423,424.84,5.2545,110.7
0.039126,0.015397,0.024462,76.626,0.015871,8.8605e-06,4.8451e-05,0.063018,220.76,4.788,0.034551,2.3407,6.6615,416.75,4.4028,54.783
0.027545,0.017759,0.007426,95.102,0.86759,0.15421,4.7394e-07,0.46288,0.10824,3.1497,0.15088,2.1144,6.0515,424.31,4.8895,56.15
0.013081,0.43428,1.1291,42.084,0.015678,0.87181,0.00046449,7.4008,2.1368,3.7723,0.014759,2.0708,161.02,413.65,4.7669,223.48
0.013188,0.74364,1.2818,37.587,0.022168,0.3045,1.1144e-10,0.96386,8.7969,1.1641,0.023026,4.6169,2.094,407.5,4.6847,74.954
0.062122,0.50521,0.83336,40.539,0.092576,0.025715,4.8533e-12,0.054758,0.3236,0.059292,0.071294,3.6661,3.3153,419.2,3.6166,54.104
0.013566,0.020592,0.0036846,78.089,1.2241,1.6258,8.2122e-06,6.9826,3.9549,4.1497,0.03054,2.5034,12.669,423.87,5.3791,51.318
0.042557,0.94715,0.52003,78.375,0.88246,1.0128e-05,4.0889e-05,0.034971,110.97,3.1677,0.04212,1.7262,12.144,424.74,4.2779,61.969
0.12055,0.43812,0.41767,37.162,1.0345,0.043048,2.2109e-05,0.046979,1.7402,9.274e-06,0.026242,5.7823,142.14,424.96,5.2971,71.923
0.63828,0.19483,0.025948,84.871,0.15623,0.017457,1.1135e-10,0.022999,0.0034562,0.8682,0.12367,7.2531,1.4975,419.31,5.2268,160.98
0.18326,0.0075553,0.014527,55.079,1.5427,0.52885,3.1251e-06,1.0556,1.0345,4.1411,0.32212,1.6441,199.99,409.04,5.8987,169.57
0.016909,0.93413,0.38716,54.616,0.52147,1.63,2.4005e-06,4.3737,27.482,4.9914,0.016005,2.1745,5.757,412.98,6.1842,36.121
0.045092,0.51706,0.03613,50.02,0.5848,0.025792,4.8278e-15,0.048759,0.0065323,8.1739e-06,0.092689,5.7496,1.5183,418.15,5.3153,139.38
0.12989,0.10575,0.085529,79.308,0.19795,0.0067377,6.4615e-06,0.019519,0.18646,3.278,0.040434,1.7748,11.748,417.56,5.2461,104.18
0.023153,0.045295,0.030332,50.192,1.5996,1.5836,0.00013496,3.9942,1.0721,2.5916,0.024921,2.7803,5.7443,406.68,5.614,71.718
0.019362,0.011534,0.0071152,101.78,1.4558,0.15329,2.5869e-07,0.6789,0.44279,1.5749,1.1159,2.6226,6.9168,407.6,4.9981,52.767
0.014889,0.015618,0.00085239,59.505,1.6238,1.6683,3.2814e-07,7.2671,3.5392,5,0.087461,2.3397,4.6255,424.11,5.9922,185.19
0.04177,0.015516,0.0044298,98.603,1.2897,0.18774,6.532e-07,0.55253,0.13148,4.9999,0.12359,2.0231,3.4189,424.97,5.7772,77.289
0.017711,0.015364,0.0022749,83.046,1.5552,1.4775,1.2696e-07,5.9152,4.9824,4.9991,0.036939,2.5451,3.9485,425,4.7298,77.999
0.010113,1.3216,0.097903,64.579,0.048508,0.003564,1.3749e-05,0.068697,0.25012,1.8966,0.074497,3.0894,3.0812,410.05,5.3368,128.33
0.032267,0.058204,1.0134e-05,55.502,0.75773,0.016445,1.059e-12,0.034299,0.0028263,1.791,0.61233,9.0504,1.3493,405.46,4.8089,103.03
0.039651,0.030232,0.016758,49.643,0.73732,0.066339,4.8442e-09,0.13973,0.008416,4.8993,0.18233,2.2858,3.6721,407.46,5.2259,138.35
0.020396,0.021225,4.5519e-05,120,1.4524,0.57909,3.254e-09,1.411,1.1189,3.5897,0.048986,1.7229,144.95,424.95,4.8099,207.81
0.023573,0.077963,0.048969,43.036,0.16514,0.91051,7.7264e-09,2.9708,0.2175,1.273,0.017543,2.6977,10.972,424.89,6.8433,116.7
0.018461,0.011785,0.0059855,33.632,0.00052762,1.1053,1.5616e-05,5.5114,2.5641,4.0985,0.067884,2.2613,6.996,411.95,4.5604,114.75
0.0072259,0.58168,0.49714,49.223,0.35026,0.18388,1.3975e-09,0.86648,0.27779,2.415,0.31642,2.2471,10.974,406.86,5.3264,182.12
0.0085484,0.11288,0.0027738,30.655,1.4695,0.028787,5.7138e-07,0.076949,110,4.9996,0.039957,5.6152,1.5648,416.34,4.8842,185.61
0.19727,0.08,0.11398,109.52,0.0045924,0.025021,7.0733e-11,0.034748,2.9218,1.0137,0.013253,3.888,7.576,421.06,5.0041,165.24
0.008717,1.5941,0.54789,43.663,1.5047,0.15356,1.8567e-09,0.5533,0.56471,4.9998,0.034713,2.4114,22.57,405.01,6.1133,175.53
0.051985,0.13578,0.33493,55.705,0.0068842,0.072836,1.1726e-11,0.11408,120.99,4.9999,0.053157,2.3717,10.027,423.69,5.0667,243.56
0.027307,0.024223,0.0052517,104.99,0.5974,0.58437,1.7991e-08,1.5821,0.23733,0.95947,0.047069,3.8159,6.4513,424.71,5.1101,40.907
0.012949,0.0026532,0.0018898,102.78,1.2751,0.22659,0.00049252,8.2849,11.112,2.0479,1.9798,3.4537,30.523,418.98,5.5986,137.12
0.0089252,0.031054,0.00014426,71.213,0.10676,0.36481,7.9584e-05,2.0533,0.32707,4.9751,0.096707,1.9406,4.8077,421.96,5,216.11
0.005605,0.052155,0.015288,81.704,1.0579,0.98061,1.5248e-05,5.5293,5.9828,3.7207,0.16467,2.4872,3.1343,424.42,5.2235,233.11
0.094854,0.020636,0.070438,85.881,0.0027685,1.0821e-05,5.5074e-05,0.18908,120.99,2.3463,0.056931,9.9933,1.3297,418.96,5.3218,99.885
0.055873,0.009371,0.045047,85.956,0.004953,0.0011401,6.2092e-05,0.15559,89.039,2.2984,0.036507,9.9966,1.2697,418.5,4.7578,67.506
0.013023,0.043711,0.012975,80.104,1.6469,0.31507,6.3896e-07,0.63175,0.79244,2.1636,0.095716,3.5537,9.1604,425,5.2104,42.909
0.012959,0.044599,0.016072,73.478,0.086962,1.3269,1.1927e-06,3.0696,3.302,2.2792,0.10725,2.7971,35.767,421.37,4.8742,51.832
1.297,0.03227,0.010823,43.812,0.046542,0.014928,3.8334e-08,0.017176,4.84,2.4896,0.0062134,2.6584,7.7245,405.6,5.0919,200.75
0.032426,0.02648,0.013183,51.409,0.91821,0.95843,1.0071e-08,2.0111,0.47913,0.47637,0.12081,3.6559,177.18,424.32,5.0545,162.6
0.028852,0.011503,0.0065054,107.24,0.8093,0.23612,3.1718e-05,0.90545,0.27175,2.6147,1.9985,2.628,5.4852,424.99,5.2493,219.49
0.040234,0.027946,0.013989,68.667,0.48239,0.053713,3.2719e-09,0.11361,0.030729,4.8309,0.23618,2.2644,3.4763,405.03,5.3928,63.339
0.013062,0.8626,0.51231,43.848,0.75237,0.20818,3.477e-07,0.74598,0.072019,3.6628,0.014586,2.3218,13.12,405.36,5.8215,151.29
0.016263,0.9431,0.37044,55.367,1.6115,1.6188,2.8261e-05,4.3709,20.981,4.9986,0.010604,2.3177,5.737,424.97,5.9265,167.22
0.019619,0.051282,1.9278e-05,119.99,0.083284,0.19189,0.00030315,1.2422,4.2347,3.8634,0.10822,2.197,6.0341,405.56,5.5223,81.04
0.036587,0.024789,0.0056776,120,0.3054,0.33078,0.00030398,1.7251,40.333,0.019632,0.028742,4.2171,5.1752,406.83,5.0409,110.68
0.036005,0.035662,0.11124,62.989,0.0075147,0.012229,3.8126e-05,0.12977,19.702,4.3174,0.047849,3.1564,177.13,424.29,5.1099,39.192
0.026194,0.015263,0.0054841,87.059,0.12629,0.72613,2.8535e-07,2.3219,1.5899,4.1179,0.067861,1.5985,6.0635,406.36,4.5413,76.796
0.0044798,0.025337,3.3067e-05,71.705,1.5114,0.61319,8.4572e-05,4.4744,4.0416,4.9693,0.33033,3.1722,1.9861,417.47,5.1611,125.55
0.10009,0.92631,0.58908,30.048,0.98051,0.019548,1.4649e-11,0.036511,0.85588,4.7749,1.8478,2.4171,2.8686,424.07,4.7423,124.94
0.0153,0.0029756,0.00021373,89.294,1.0311,0.30856,0.00028497,9.005,10.766,0.36758,1.2965,3.0248,3.3948,405.26,5.1336,165.7
0.027901,0.03234,0.0006222,105.95,1.6591,0.39168,0.00030989,0.97254,1.6872,0.89983,0.034003,2.3977,15.102,405.36,4.7556,66.663
0.056282,0.60613,0.0095052,112.26,1.326,0.016282,5.7824e-13,0.029379,99.009,2.2587,0.46094,5.7002,1.6715,424.56,5.4764,35.316
0.061691,1.3346,0.15011,67.508,0.029374,9.0959e-05,2.1224e-05,0.022113,2.5901,4.1513,0.89487,4.5955,2.0016,421.54,5.2895,48.122
0.021757,0.80697,0.93612,41.067,0.6551,0.052293,1.2016e-10,0.099333,54.131,2.6289,0.029315,2.8769,2.8632,405.07,5.1156,128.12
0.21237,0.062432,0.12021,30.522,1.7463,7.0419e-05,1.6744e-05,0.019763,4.4624,0.37833,0.035376,3.3596,4.269,417.75,4.951,69.275
0.01542,0.016846,1.34e-05,30.069,0.52069,1.6832,1.2155e-08,9.6198,12.006,0.0040946,0.1204,2.0864,200,423.38,5.5251,99.329
0.052843,0.55506,1.2368,78.573,0.0096709,0.047117,4.292e-12,0.11704,110.19,4.536,0.069466,2.5726,6.6557,424.4,5.4988,85.152
0.019043,0.040989,0.054934,41.867,0.2752,1.9587e-08,9.8574e-05,0.06666,0.37778,5,0.048951,1.4262,8.3359,419.75,4.5529,37.707
0.0033527,1.1376,0.16469,71.567,1.3039,0.29278,4.2573e-07,1.4663,7.4671,3.488,0.97748,2.4236,3.3084,423.69,5.5988,84.069
