ID,KSJ,KGJ,KLJ,TAU,KLG,KXG,KXGI,C,LAMBDA1,FGI,KXI,GAMMA,BETA,D,GB,IB
1143,0.0302352198,0.0172837912,0.0088492187,103.1233627933,0.933870728,0.1188321995,3.49299674118335E-10,0.3168959479,1.0698435521,0.0850419886,1.8657586465,3.9683488688,199.8974858206,419.1455090701,4.473096385,51.4689635161
1141,0.0193235062,0.0154793849,0.000465633,119.9694724678,1.0873120253,0.2777704868,4.59237445820242E-10,0.7633699484,2.0399396587,0.0003416576,0.1906049764,4.1680519098,199.5552495377,419.2080340483,4.6553263407,60.8000184728
1147,0.0722074848,0.0633668577,0.0336663908,34.8401809569,1.5433992398,3.56924579811379E-05,0.0001378146,0.0443097425,6.43952696946643E-06,4.8984496505,0.056175238,2.8587665681,2.6332823057,405.3242456796,4.6624845373,25.0310408754
669,0.0279891875,0.349513087,0.242154466,102.0718615215,1.1077909618,0.0086862162,5.99592017992185E-05,0.0293096766,0.0861098699,0.643186023,0.0238903402,7.3461162612,1.6440231761,424.9011611769,5.0995447653,29.1954819256
1175,0.0173811987,0.7480015928,0.3328599469,60.2115247782,1.7499853372,0.0534653299,8.86532557325261E-11,0.1341798134,1.1147565431,0.230837611,0.0747715923,3.66647144,5.3027103564,411.104767491,4.8287342376,69.8487783098
664,0.0422721155,0.0290285303,0.0139930109,90.0293170056,0.0475219394,1.3290507263,0.0009111088,2.6044989607,0.5089867691,4.9076290235,1.5515442746,3.2765541728,2.1035444219,424.2912096228,5.1301792636,26.3857725076
660,0.0585413744,0.048940102,0.0161429554,75.6361954396,0.0728798016,0.2388487554,0.0001996559,0.2051952991,0.2316682814,2.43148936,0.0289658879,1.6850497673,3.9433726887,416.350881344,4.9941108421,88.1467887989
166,0.0476816281,0.0229682891,0.0078190409,47.7561079344,1.2301577216,0.7721443347,0.0054170906,2.6923439089,0.559997845,4.5196971246,0.0896517493,2.5573254904,2.7343273278,407.0620474995,4.58196822,18.2261417509
692,0.1540403761,0.0123116519,0.0088071667,55.7118534754,0.7407051903,0.3275522514,0.0004489615,0.7283073085,0.2246950218,0.099981367,1.9999777241,6.3612898824,80.2060836323,424.8172204627,4.8167166646,51.3000467203
400,0.0234082913,0.0194078093,0.0057913565,89.4709408201,0.3344429338,0.3791433465,0.0014379326,1.8767313939,0.873936729,4.9867332384,0.0586334301,2.8528464885,1.7563220373,421.5987486554,4.7713400118,50.1060754048
695,0.0281518503,0.0101026942,0.0032608365,103.5652699711,1.6353047095,0.1899705953,0.0003289905,1.1602635682,1.0504684771,0.526523146,0.1904494715,4.5567438297,5.9970998751,419.8380276101,4.5128633987,23.4800386344
1404,0.0737131285,0.4551823119,0.209304143,79.0079091178,0.1925592732,0.019438177,2.94270567791307E-11,0.0105583938,0.0004602355,1.5935237236,0.0184351125,2.5070403849,19.9986087933,416.1246911946,4.632982198,37.0168073909
1409,0.0381876515,0.045555618,0.0705936853,73.0603086713,0.0381967071,1.3727096827,0.0007867186,2.6312024547,0.7184242476,4.9364656268,1.9503012536,1.9916414323,5.4329280188,424.5686409169,4.81432277,32.4806856841
344,0.0487541681,0.0432659702,0.0192617606,80.9314380473,0.0448996047,2.40267109925441E-05,4.75972273435535E-05,0.0204375746,2.93121936388916E-05,0.1276784782,0.0280562307,9.9999730574,127.2702179071,413.913886243,4.6550081016,18.669486623
819,0.0051057808,0.1598020524,0.0424624321,112.6203277947,0.164005913,0.1830709349,3.15063129444296E-05,0.3341298351,0.001260004,3.1665929136,0.0213670002,3.872326462,199.9911376581,412.3387493025,4.3228372379,17.3129674284
346,0.0579533452,0.0459202422,0.0291558747,110.0858413688,0.9343084545,1.94034957172929E-05,5.50440729610548E-05,0.0413508854,2.1595617946,4.6089470627,0.0436807357,2.2994495978,2.0987339873,409.9844243211,3.690075885,84.0945815696
347,0.0903386815,0.0396543008,0.0331976643,65.2165179583,0.4074771722,0.0397396256,8.22591970835157E-05,0.0489685209,0.0625638536,4.9874240709,0.0525347857,1.501217654,199.8281715376,415.2342180211,4.9007200152,27.2769831951
544,0.0497916273,0.0146759185,0.0404770501,84.4226324727,0.0071728084,2.76836190561153E-05,7.77227292738986E-05,0.0542270105,0.0025257429,0.2719239552,0.0282933876,9.3895352747,102.9394696116,408.1945498371,5.035325956,14.0012747477
545,0.0149055825,0.5638128855,0.6942745289,42.0749117905,0.4897711578,1.0700901488,0.004960994,4.1456467704,0.4838384441,4.9336656628,0.0525458889,1.7564956511,6.1906046727,412.7717850462,4.6004166065,30.0182627264
8,0.0450238735,0.0203426746,0.0238413878,91.5119633427,0.0257748901,1.8321756264672E-05,4.17612296080833E-05,0.0419568632,0.5231594933,3.9321575311,0.0302489468,2.5721109901,2.8315547656,421.7341040454,4.3062480726,40.7818155835
813,0.0464496069,0.2924957601,0.5932440687,51.9840477856,0.1381917755,0.0101496973,8.11752689404103E-06,0.01729189,0.0009969098,0.1153466545,0.6357079539,6.9199754145,1.8363716912,423.8936867644,4.6933495577,25.2546364051
814,0.0129547095,0.0415213017,0.0265479656,83.1354068879,0.0165224606,1.9352273276941E-07,6.3967414995615E-05,0.0452417523,7.70491033063976E-07,0.6745740969,0.0207773475,4.6290422811,199.9595870641,415.3483916891,5.2591107181,47.4721093086
816,0.0337092574,0.02485172,0.0081219719,93.0381050247,1.2989990641,0.0461313735,9.85811979547665E-08,0.0995210007,2.1259853446,3.4045489811,0.0536814076,1.8560010745,36.2634028542,413.6955036492,4.5103374635,42.0502535617
1313,0.0166545262,0.4519708295,1.0867263222,52.0474169271,0.1639641045,1.2648436119,3.45351156947292E-05,1.6273030955,0.547418621,4.9440984495,0.5322372701,1.8745906262,11.1719054935,417.9693270562,4.9538781749,37.2497676356
719,0.0494144316,0.0557903107,0.012538187,89.4845746541,0.2505138036,0.0001829774,3.53745876446819E-05,0.0142749513,7.69429988427013E-06,0.1450619381,0.0229496356,6.642060927,1.8316359392,413.875315453,4.6482162275,49.0472784759
718,0.4675956183,0.118852682,0.014205678,85.1957722034,0.1067153246,1.01413810348803E-06,3.23277909233235E-05,0.0132417102,0.0001514752,4.999073801,0.0162090303,2.5827243347,3.9988916568,416.2803436194,5.0925568918,40.5982173884
717,0.1611314892,0.1036526154,0.0323176091,75.0582791534,0.2144027451,0.0155075124,1.14867887505625E-07,0.0179629539,1.0816959635,3.5487975491,0.0157369915,1.637189175,126.7234728548,414.3173261102,4.5998854608,33.1512351419
716,0.0095690152,0.0445874519,0.0002381328,91.1535327008,0.4482354604,1.6245420343,0.0005896055,3.8236419555,0.1847963958,4.9927268544,0.0635205877,2.6414666645,2.9081391062,411.1244731066,5.1993507879,27.3064788082
1358,0.0415727092,0.0331473581,0.0088228982,83.0678407175,0.1950565784,0.0242181837,1.04744830494799E-10,0.036955303,0.5754355094,4.9942541812,0.0376885935,1.8573794893,8.8431978974,412.6585899998,4.3999918912,20.6959819827
1319,0.0647952811,1.219078101,0.453498328,74.8875708926,0.4132709404,1.43834287987887E-06,6.33758611837871E-05,0.033766089,8.19952843415276E-05,4.5317519582,0.0370094719,1.7775086263,6.8479883026,413.7202972312,5.4300509603,51.5472140384
710,0.0102633992,1.1685470831,1.5624342225,39.7010606176,0.5687356099,0.9544945002,0.0027378917,2.6479638237,0.946190238,4.7641884806,0.9014346931,1.1429840667,85.1152545872,410.8191541745,4.540660933,20.2011535424
121,0.049569607,0.4064755472,0.2079747486,76.1519601366,0.0229359252,0.0005077283,0.0002010547,0.0420549378,0.4293645219,2.4192039216,0.8322561125,3.32551295,1.6086524006,420.0469130479,4.6982270613,24.200073395
967,0.0178247139,0.7830872974,0.5559838971,81.8486542025,0.0573475234,0.0766824146,5.27631189878748E-05,0.0675222487,0.07849033,4.6519256689,0.1445745349,2.6888838844,2.245079524,423.3822961595,4.0993513978,37.5009554434
125,0.0746094159,0.0112732026,0.0018195241,69.8998641051,1.2707023008,1.062834572,3.54419386506482E-05,2.706139694,2.1275747622,4.9961742525,1.8909027267,1.5830206999,18.3503796911,424.5964177634,4.5141702745,39.7412401883
1402,0.0196510549,0.0395224548,0.0107106994,94.3436431885,0.6302524354,0.3670948407,0.0036146237,1.7724463639,1.1528229942,4.2344957426,0.1283815613,3.6502810826,2.1937432286,416.2006647479,4.6913508536,13.99085196
1264,0.0426265167,0.0040654366,0.033121195,119.8874772861,0.0001272227,0.0291394911,0.000001474,0.102287793,0.05163124,0.0201339938,0.0257694033,9.9925052623,45.7582355969,424.0757078977,4.4294614575,50.9358932715
1401,0.0177737846,0.0159850439,0.0061680403,101.0205152477,0.8211066633,0.8376503016,0.0045236629,6.4277410934,0.7251788571,1.7921970554,1.1232517772,2.0704137162,8.5824757565,414.9990976353,3.904770935,62.7384135215
326,0.0186724071,0.0216187864,0.0007279103,118.821407651,1.5656138946,0.3780295365,1.03232412844783E-06,1.0372194623,2.0810379684,1.8870195346,0.0523373889,2.2574224426,6.8210678471,424.9999946278,4.5911532727,18.991597143
1224,0.1331377669,0.0113622505,0.0104408528,56.4143483496,1.6234122294,0.1845049191,0.0006074913,0.743260254,0.3120593666,2.3290533933,0.0403905736,1.8218638094,141.6516500217,424.5423750667,4.4000831202,55.8986421574
1061,0.0468833597,0.0167444919,0.0304153553,76.1898646746,0.0072714187,5.00421367884723E-07,2.81478797818653E-05,0.0482975273,5.69688169521707E-05,4.5531024407,0.0219560362,2.5217614909,8.9188121485,416.566376748,5.0752711012,61.1810272164
1060,0.0283460195,0.0196242006,0.0126829236,44.7018530537,0.3744178316,0.7438362681,0.0001566296,1.8687818885,2.1282482026,0.8390106663,0.0843459773,3.9643019537,4.8614075014,410.2950057256,4.6002139946,29.3249177707
1022,0.0463972985,0.9659476602,0.0555404028,98.3829952508,0.6646862791,6.76502465121369E-05,2.30931912405082E-05,0.0075415987,0.1120077743,3.4897839824,0.0131995549,2.0346722477,5.3144061068,411.3142623423,4.3942765722,59.9916761681
1065,0.0253062859,0.049610358,0.0233519202,93.4016525326,1.61600067,0.7386163375,0.0003505869,1.6497482696,1.7723742732,3.2476299298,0.0449539262,2.3479103463,6.3535628976,413.8421750597,4.5039210273,25.0941493512
363,0.078858577,0.114513058,0.1948845538,41.6880348301,0.0747393411,0.0271776847,2.17501341667032E-08,0.043845354,1.999990924,4.9905681356,0.0644223314,1.3510641179,6.5405899862,420.7868991041,4.7500139447,54.5999895992
414,0.0276382419,0.3934178178,0.4668533728,54.1658398613,1.7404410401,0.0270564671,4.02384513952982E-05,0.0870231145,0.2110211971,4.7095042495,0.0302463939,2.4708548236,9.0657506617,413.9748882351,5.2979292001,14.5392488606
1186,0.0323745678,0.0863511257,0.0231270486,78.0748600994,1.2733705939,0.0034137571,0.0013381907,0.5332014161,0.1666028673,2.290855523,0.1550041093,4.5030270289,1.6971124754,411.7224105724,4.8968986604,56.6338966663
913,0.0190412384,0.0367616551,0.0304065622,55.9417655174,1.7047269729,0.29774162,0.0013413128,1.3382064033,0.0009648703,2.1946124699,0.3467646945,1.9967878759,199.9975018392,406.4543650777,5.2248128734,76.6394897982
299,0.0067793547,0.0239204752,0.0107792762,94.2253965811,0.6158763969,0.0001192088,9.80242643859245E-05,0.1560376897,0.23153749,4.9999370243,0.0252586866,5.6010200063,1.5786260074,416.1329578684,4.7980138687,33.6850042037
296,0.1805602448,0.11864223,0.0706304521,76.1287090914,0.0285259612,1.44525078036255E-05,5.73344237561711E-05,0.0390654476,0.9382269983,4.9867633846,0.0431187914,2.1305115339,5.1569083733,417.4936818869,4.9674292803,34.5849357775
921,0.0398825056,0.0259671416,0.0140134224,49.4046463128,0.3860365466,0.5220620812,0.0016703951,1.6714496621,0.9920037323,1.5462346658,1.8937330208,2.4115918523,99.6378948171,422.405963144,4.2988113246,29.1810062825
294,0.0248002808,1.0546184487,0.5980428829,93.0469786168,1.409756424,0.0011492723,6.48217370255473E-05,0.0180965539,1.2961878722,0.0253310495,0.0200149558,9.7184914352,94.8064888095,415.605648661,4.4650305655,14.0840213958
1390,0.0170508788,0.3190363992,0.1039436015,106.5708150105,1.455296157,0.0443439111,0.0002395177,0.1957369047,1.1883080523,4.9997244162,0.0249928969,1.566306195,13.8444062267,424.1908302436,4.3716906883,42.800254264
1380,0.0241028358,0.0196357918,0.0039696073,56.6008947527,0.939803797,1.022425273,8.16397856806244E-05,2.786274294,1.9806117016,3.9309595088,0.0439747097,3.6218906509,2.085985994,414.8718098603,4.8637403255,24.9989475546
293,0.0658074914,1.1119350578,0.7350868818,80.3046164273,1.1005552485,0.0002438183,0.0001773384,0.0386714388,0.0241593122,2.6190099283,0.020640763,2.3188004385,6.7742183219,406.8165554728,4.7323880225,17.0445832537
1382,0.0332405371,0.1462536519,0.2838506578,52.9836715835,0.0110223027,0.0547556171,1.21454703759961E-07,0.0471615115,0.031304641,4.9936026031,0.0421812882,2.5572700621,8.2101002609,423.3404553341,5.0211463285,21.9903124649
927,0.0547741457,0.2419028008,0.0961335815,54.264058021,1.611705871,0.000002054,3.03173438761824E-05,0.0110450169,3.74626407589771E-05,1.9429930434,0.0376826384,2.1092658987,8.9521239708,415.846419108,4.6068885426,59.8984927447
591,0.0572029096,0.0069904156,0.0022777279,119.8829183195,0.5149011061,0.1413292449,0.0003855047,0.9381717963,0.5022360882,1.6858376263,0.034720771,4.3644111322,10.2574396312,424.1057816436,4.682704503,14.6105681555
590,0.0349304038,0.0228612734,0.0054175274,67.0345620238,0.9656699994,1.1773772347,0.0071724697,6.0050665144,1.092696219,4.5270566163,0.1083045372,1.9395536787,5.9372460238,416.9190687399,4.912358461,21.1310620463
593,0.016056367,0.3848339546,0.3036839918,58.5891647012,0.0425782395,0.117954865,0.000227183,0.6095504951,0.960335797,0.1098392202,1.9995689699,4.0767406033,199.838692165,413.0824893031,4.3222708548,32.6539422883
318,0.0064576395,0.5056318412,0.5091480944,52.4034976291,1.7285561599,0.9344908035,4.89654573926853E-07,2.4760503059,0.2122238342,4.9871346306,0.0086170789,4.2503556097,2.0625328428,421.5065186963,5.2637888454,32.8884909483
1120,0.0177501814,0.0224764507,0.0085413083,104.8127996539,1.1850837439,0.2605496975,2.95651635633125E-06,0.6198179143,1.0391082375,0.8419817217,1.9878071759,3.39403195,3.6221885232,419.2109336906,4.5626166916,60.8562001365
194,0.033785196,0.112589073,0.0218247516,75.9315938215,0.0075372541,0.0054958286,8.72006453192628E-05,0.0271120549,0.3012468452,4.9997999419,0.0541304794,8.6345489311,1.3024869426,415.0899690686,4.8997976246,20.2488543029
311,0.0201454593,0.025499882,0.0216416943,70.5257713792,0.5879727366,0.1974862576,0.0070120077,5.3979728608,0.3753101818,3.1763502165,0.1093536616,2.3937170147,21.9587507027,416.2944334673,4.9395068625,13.9617922427
310,0.0366291533,0.0253907187,0.0242108138,104.2685835164,1.417083471,1.84585444611083E-05,3.93187751797887E-05,0.0286601221,0.7691375798,4.9998771157,0.0228845555,2.4361657476,7.5834887089,419.9860950762,4.8808103844,23.437671909
317,0.0102766618,1.9967567304,1.5852430465,72.7243897575,0.0557838855,1.3769671068,1.77007970283915E-06,4.4014603266,0.7555578799,2.8476221392,0.2009966479,2.6578628463,3.4864001571,410.4085293491,4.9051593503,35.6549461645
316,0.0257672633,0.4918133374,0.7790516091,79.3164787488,0.0173870802,0.000000125,8.19604125768049E-05,0.0660450826,0.0074542449,0.9336209295,0.0904106848,6.4319855965,1.3873719948,416.3530684894,5.106011938,36.2941754923
315,0.2172729738,0.0299670559,0.0326755746,76.8641729552,0.0666869011,5.14336252667948E-05,0.0002782911,0.0916773071,0.0013961035,0.9313213931,0.0700052041,2.0338009973,8.3316476951,416.5315448581,4.0927446123,32.8368518885
272,0.1459075242,0.1546091021,0.0885245469,71.913051197,0.0827636909,0.0087712209,0.000094216,0.0371121974,1.8581217604,0.638291631,0.0470297534,3.5064714731,2.4890288752,417.224235922,4.7678632972,21.7765639219
276,0.0202273477,0.0182716328,0.0104760894,56.6649127194,0.4145093813,0.3730082342,0.0068717725,3.8725105746,0.2686179742,2.0769034579,0.7082814877,2.6137738457,198.2234671142,414.6157335492,5.1408362357,23.9104973542
279,0.021021162,0.0311234478,7.07377428372778E-05,119.9827116415,0.3749629574,0.7081086733,5.16815603096111E-05,1.4679754683,0.5652523845,1.6752656457,0.0551654755,2.3056043156,3.93783649,422.5520172221,4.6663286907,25.8690095419
1385,0.0836770436,0.1114926145,0.1666644411,49.8583620365,0.1793383481,0.0166682337,2.55294866842659E-05,0.0438117828,0.9221353044,4.7009718086,0.0324036709,2.7435127926,3.9291498837,424.9971178835,5.4047746452,22.0919437527
832,0.1172626886,0.1586342804,0.0696544736,58.889097356,1.6289716088,0.0179452686,0.000052567,0.0299320407,0.0249324672,1.9830188851,0.0288454372,1.9701736007,8.6280419693,424.081555715,5.5759792853,62.6980394942
830,0.0219695241,0.0132763122,0.012225068,115.5022814193,1.2862273956,1.0994356331,3.53789446203586E-06,1.4496619242,0.8518288728,0.7684248133,0.0944857542,5.575363999,199.8953431967,423.8821292498,5.3862305048,54.1501188519
834,0.0505246039,0.0241515974,0.0238041609,81.9667767559,0.0409722936,0.0168950254,1.57131807584422E-06,0.0377799086,1.9607682667,4.6196229643,0.0300303791,2.197065655,7.2965069749,417.1115314767,5.0553771343,39.4080126073
835,0.008648414,0.0306502084,0.0072306534,103.1776149829,0.6024603741,0.5717460341,2.23940557223364E-06,1.5350371383,0.8053796251,1.0848006265,1.9695977779,3.8472912693,3.773863136,422.7079527601,5.1223995326,50.777071984
1359,0.129815914,0.0170228847,0.0055319745,54.9290140151,0.5039437513,1.5804851828,0.001832897,4.5473451029,1.823096482,4.5679114815,0.085002215,1.2817641011,37.0058137861,417.852356126,5.2624072126,77.7472917915
525,0.0279099814,0.0153102841,0.0155279066,93.6644707284,1.4374644921,0.000016537,0.000041994,0.0378216362,2.52258865427585E-05,0.9418410444,0.0152935831,8.0420478082,33.6724202334,417.0614210522,5.3353491581,20.1001723199
3,0.0097575026,0.1415517973,0.1042421261,78.059122815,0.2629028293,0.6086565604,0.0018366914,0.6234314695,0.2863582851,4.7306545661,0.0135802706,3.0694790492,6.6964262075,414.4555468198,4.326627113,14.0744638358
527,0.0215080784,0.0271942897,0.0052229992,88.7837642366,1.7447302946,0.6886230848,6.06947302137304E-07,1.7109685681,1.8842805115,4.9787050056,0.194880743,2.1429886376,4.7793588628,420.6733712825,5.1335434039,14.4170153017
522,0.0240961283,0.0490561713,0.0421955484,81.9694900367,0.0457828502,0.1542787652,0.0002471609,0.2822587659,0.5628814011,2.5544271006,0.0052697933,3.2063322018,184.2656637073,417.1176952265,3.733739765,14.1081708919
369,0.0278630452,0.0266265242,0.0121402835,103.8758205902,0.2723022328,0.2462518944,0.000141824,0.7324110956,0.6277425696,0.7550460388,1.987194208,2.926148729,7.9746655201,419.1193047567,4.7912600979,49.047716401
1403,0.025671739,0.1320411804,0.0960917061,57.6738608218,1.7485286524,0.2698162456,0.0022994294,1.1009813697,1.1503725172,2.0514205499,0.5566569156,3.4124471524,1.4706278692,408.1158184953,5.0369768733,20.8468185084
367,0.0335229374,0.0129621261,0.006500599,105.7967447107,0.8694579882,0.7743681587,0.0034235693,6.3442905647,0.1822204573,4.7309628482,0.2298035203,3.785773974,1.9048226766,418.6389717204,5.2002096583,42.7104283676
1016,0.0326614416,0.0331308972,0.0028555544,78.8685029454,4.61308851834505E-05,6.73110538888793E-06,0.0001858578,0.0503894753,6.74580431602888E-06,0.4540591439,0.0167762807,7.2724364331,1.8448726722,414.6463342408,4.6084024392,33.2500005745
365,0.0181736315,0.0129249477,0.0080983731,96.9359111964,0.1427874297,0.3840466568,7.57551075642814E-05,1.408482367,1.9144847187,0.2775507406,0.0322529017,7.001251765,172.4200961451,424.8008327633,4.9413882259,29.4519940348
1407,1.1741846108,0.1837240497,0.112483143,47.1657189589,0.1613318318,0.0015772022,9.18511034788767E-06,0.0105166555,0.1933465991,4.8749525806,0.0391021603,5.0543342242,1.9084716894,424.0635293059,4.8241326528,35.2455806051
1406,0.1979661239,0.0135298625,0.0054933737,59.21831843,0.1188132668,0.2503056292,1.61290875837244E-07,0.4686316517,0.9943694489,0.332320419,0.0512569329,3.8785003136,9.3220232812,417.7024808017,4.2632540985,47.6288832767
1013,0.0358430841,0.0403989361,0.0035241266,72.7950330247,1.5485470431,0.3208889463,0.000280911,0.3311698388,0.2349613377,0.6762492635,0.0249291382,3.858428562,3.0746850784,412.2062582957,4.5326686302,64.7530198865
448,0.0482144089,0.0344990816,0.034051894,76.26666869,0.0222372055,0.000458561,9.5915478398309E-05,0.0329948535,0.0086196329,2.2297359065,0.0356848159,4.6716747918,1.7531541086,413.5148200894,5.0817010618,22.0401271486
1339,0.0208478161,0.0231313934,0.000020983,86.8469010323,1.0272927929,0.0644458729,2.81381739671587E-08,0.1529182632,1.6261432413,2.7922395213,0.0283224615,1.552026597,17.4502907883,422.0906378309,4.8722126657,66.3965741196
1335,0.013858773,0.0870426183,0.0153220581,96.8749833978,0.5383934886,0.9275033822,0.0007151218,1.1264425954,0.0297045606,0.8334337702,0.075708785,3.9728436302,5.0026561231,416.1638681446,4.6790960321,36.7108555127
1334,0.0207213964,0.017625287,0.0088980899,101.7645682968,1.0035768208,0.4400729752,1.32715851665248E-08,0.7627296695,0.8790277196,0.9166618197,0.1080205682,4.7569330862,199.7203764697,420.9019113646,4.5535872599,32.2743509092
1337,0.0935980095,0.3772215868,0.2833085463,82.1533799305,0.0920264518,0.0332702258,0.000004813,0.020465886,0.0669626916,0.0262673024,0.0325079209,7.0086217624,159.1339152907,421.3359909859,4.9289350604,73.0097539919
440,0.0415901237,0.0237565134,0.0150926466,95.6835658043,1.4166401816,0.0325746663,1.45393578287676E-08,0.0914893534,1.3955794876,2.9539436975,0.0508734145,4.0293622147,1.6959376299,405.2851258779,4.6552571511,22.011419374
1330,0.1722353516,0.4276382251,0.0942987357,64.6208796092,1.7013497577,4.14537675611472E-07,1.87915832510054E-05,0.0105204073,9.30816878014035E-05,3.3215013057,0.0048873091,2.1788442783,9.6997298793,410.7904406119,5.2129160208,44.0371868927
445,0.0191602213,0.0130648716,0.0051820951,103.0232499854,1.4498369066,1.456706693,0.0010654162,3.9417044934,0.9642245083,2.2247812476,0.203951344,4.1140660009,199.9448516368,417.6660451138,4.6345966508,13.9580721204
1332,0.0218315308,0.0258358175,0.0202123688,101.1352879936,0.1808125315,0.0779589941,2.08139200171202E-11,0.2711553927,1.4507430727,4.9910020188,1.2446165536,1.9989594619,7.7546318322,421.2899953567,4.7373998634,28.1212808461
380,0.0328833641,0.052638012,0.0381789422,48.0678457577,0.3333627071,0.0270650034,1.74601602044864E-05,0.0764073435,2.3809522616,0.1863587424,0.0641454953,6.1458295396,1.7927497181,405.346664341,4.1899711407,14.6491130015
382,0.0375447712,0.0879301109,0.0814422513,72.2083616063,0.0970493015,0.0788238705,8.08898188775236E-05,0.2016946772,1.0283953227,4.9499377519,0.3427333983,1.6108578417,8.9693410517,411.3063423345,4.8687215982,33.4973191958
102,0.0405821051,0.0271981945,0.0091018936,69.1485018113,0.1106774793,0.5154938716,0.000031653,0.9728270931,1.1404675255,1.5062090113,0.8042735546,3.0251320625,2.8201118976,422.8794123253,4.3480103712,15.6085138507
389,0.0443301456,0.033545441,0.0783876035,88.7651144501,0.0167799886,0.0014910008,8.82551666859317E-05,0.064849439,0.1899864674,0.8755837095,0.0382298181,6.2862422645,5.8590179674,419.4647344793,4.4766149311,14.2986305166
100,0.0486351675,0.0164006867,0.0334662066,86.8979047879,0.0088014158,2.773005392262E-05,8.72931285134764E-05,0.0708593166,0.0046373166,3.0749903818,0.0066398649,4.0479485698,63.1200796044,417.3349621866,4.5188337166,13.3355539004
101,0.0210900916,0.0329638179,0.0042329742,90.0233304419,1.0889079297,0.4660887176,2.36335530213444E-05,1.0784237698,1.7984254102,4.5068358328,0.0740031307,2.8092225816,3.3974034238,421.7001033103,4.8967999313,20.3586027699
106,1.4783944727,0.0215523475,0.0043990057,79.6286342969,1.0130178798,1.0294365170694E-05,0.0001282555,0.0799478333,0.0164087933,4.9953261951,0.1144539323,2.0574145373,4.2751236534,420.2664376793,4.6316837806,30.8373869414
780,0.1306568495,0.0989009089,0.039547764,69.0491468289,0.0514676175,0.0129677316,4.4970685453915E-05,0.0345497856,0.1958299025,4.9469886666,0.0567136385,1.9705145685,4.7447595779,424.7286411929,4.9993283254,46.2592536445
1411,0.0281386704,0.2042846281,0.0602387816,43.5522674289,0.1187172172,0.0198250683,2.47157218321287E-08,0.034770352,1.2899314456,8.53292197153535E-07,0.0798367115,6.8611621846,1.836103678,415.8194947129,4.8681098442,51.9321221429
33,0.0165446627,0.0388699571,1.30942534618577E-05,119.9936765433,0.0273464562,1.4410279134,3.70927505698156E-05,2.6218857611,1.0461062102,3.4017098465,0.0723091837,3.7880336068,2.5595891019,424.2332845489,4.2751584328,14.6999787652
32,0.0187660818,0.1097219108,0.1033789058,78.2879095058,0.0338865617,0.0966167689,0.0011540259,0.3492222657,0.4429217504,3.1506303085,0.076461543,4.1432445094,1.6149662487,410.9159676498,4.6990698573,13.9966966692
31,0.1802437981,0.1841370363,0.1952962499,44.0768647208,0.0646867197,0.0296854469,0.00000012,0.0537805588,2.1141551493,4.9600415305,0.0332639176,1.3986277979,6.47772138,419.7516487663,4.4689266393,35.4564773262
30,0.0391001903,0.0169004913,0.0297569282,48.4696365711,0.5625932043,0.0307209671,0.0002225316,0.1134588074,0.0122332888,4.5686909641,0.0451249874,2.1480599385,8.2078161605,420.9418849033,4.4006279012,13.9264121957
108,0.0241133164,1.9919326728,0.7899807154,86.5145024771,0.0252513685,0.0002312985,0.0001266673,0.0211363101,0.0083451565,1.5186898329,0.0216383864,3.1191920058,1.7892378224,405.797616547,4.6971379025,56.0998283225
640,0.0274079572,0.0287199085,0.0179907142,99.5597348303,0.6570605538,0.0321204391,4.09437796017414E-10,0.0814829673,0.4670443337,1.6048084783,0.0505824739,3.8629072283,1.8846112875,405.0128267214,4.7001123628,39.0072597127
1242,0.0272516778,0.0162353356,0.0004426858,108.5167380863,1.216457749,0.5638572948,0.0002014989,1.1842892723,1.2651722709,1.70543936,0.1786247154,2.5836627488,12.8281914127,412.6040109263,4.2271131621,23.7932623413
645,0.0567224677,0.2273946832,0.1239370784,72.2596221648,1.1731355942,0.0054583802,0.0001291711,0.0323800516,0.0015658896,1.6392135158,0.0394880205,2.0686925551,198.8255014587,419.7067752928,4.6300782779,23.2589617507
438,0.0263780777,0.0271314901,1.08592663664354E-05,119.9679988353,0.0156409383,0.4449139837,0.000002269,0.9805547946,1.1566615679,2.7769440569,0.174422676,3.3471902851,2.8910177667,424.9999909769,4.5939198899,14.5735969243
439,0.0435955424,0.0182943795,0.0215454406,119.9725172296,0.0105111698,0.0050626301,0.000032752,0.0571419216,1.9607832211,2.7566850766,0.0131315168,3.6774305577,14.9940660804,424.7956237787,5.0300624231,19.0165522975
1249,0.0405223662,0.2008368881,0.046716824,43.5522739245,0.5243277863,0.0211428538,2.74244846374541E-08,0.0346520749,1.3037746583,9.89473526011305E-06,0.062423534,7.0990286597,1.4966819345,415.8174228912,4.085015479,25.6522269821
434,0.0655292123,0.1435046636,0.155133125,48.0231351422,0.2060937723,0.0064789803,2.55234911863157E-05,0.0291308647,0.9037212616,0.2634430787,0.0190924695,5.2836801101,2.0050561552,405.0519342269,5.0005814953,34.5973374679
435,0.0135306447,0.7061029306,0.5936644815,51.6415945758,1.1732416625,0.0195928803,3.66363743050448E-05,0.067024627,0.4643304719,0.8894467646,0.0181020167,4.7812367677,194.1657038518,411.6080547661,4.9388648868,23.818651325
430,0.0045376558,1.3218191543,0.2344604038,101.8853389493,1.5106300363,0.1353998383,2.6156681878859E-06,0.2282163321,0.6333603628,1.7001496997,0.0041494853,8.8416692055,2.2002251138,422.2616210965,5.217552244,21.8086264414
1156,0.0218680899,0.449562112,0.3394844756,57.2917070208,0.2169725825,0.586190267,2.13673504095337E-05,1.2840932849,0.8401272362,4.9497688359,0.3433410823,1.5737673585,13.9264693157,418.3160696148,5.0412401192,62.1148268496
339,0.0413276323,0.7606468482,0.3280722182,86.1596836396,1.6925836737,1.0031130855,4.76583370279616E-08,0.6816905116,0.988882543,4.044997396,0.1171076913,2.8791532271,2.3276126421,405.1420744252,4.7221132575,27.054532973
1412,0.2129428447,0.0093682077,0.0178107892,41.8896281003,0.023025243,1.5994138073,0.0035414034,6.4260496138,1.2424335164,4.7817874325,0.7798931281,1.7383125832,73.2012757823,415.1390974508,4.3741616007,33.4706706564
574,0.0239442236,0.1097387997,0.0690733206,98.6528730498,0.1372188298,0.5357540988,0.0002359087,1.2356447488,1.0007021745,4.9986258325,0.1128798676,2.0695870887,7.083020992,424.999988047,4.2750465381,26.2499987619
1372,0.0229501751,0.0197017671,0.0021472327,87.8279675503,1.5546169434,0.3733123729,1.01491266283453E-07,1.0116952449,2.0833215379,1.9384823342,0.0451196955,2.2793546434,6.8194632723,424.9999972366,4.7448844976,53.5499882392
258,0.0661988526,0.0429782453,0.0151352935,84.8461228971,1.6705301185,0.000306886,4.94854416020436E-05,0.0217865855,0.0499711882,3.3923126017,0.0390799524,1.9789536094,6.3871297765,423.8296535693,5.1018774724,42.5642418555
65,0.0235514854,0.0277061792,0.0119561136,103.3140208981,0.0262256047,0.0897667992,1.27731318251725E-06,0.2158884235,0.9217523044,2.8873261088,0.070751841,3.3526840308,2.6768354781,419.2819057009,4.099983316,22.0011557126
66,0.0788028945,1.3014769448,1.0445612378,91.2070717791,0.1335949532,1.75665953223851E-05,6.13349075690202E-05,0.0263276129,0.001566142,2.7627908207,0.0311519065,4.2434905005,1.9212580709,423.7698407595,4.7711531122,33.2584902601
252,0.0252995924,0.0534106189,0.0790905526,119.8909322835,0.0007530235,0.000028824,6.10626440532469E-05,0.0277915119,0.005941759,4.781403786,0.0009619704,5.3940059124,2.8838837294,414.961481028,4.9873682496,14.6780227847
69,0.0815571373,0.0583659599,0.1136488536,88.7511125007,0.0155419928,0.0045069575,5.26407645028071E-05,0.030261696,0.0038460319,1.9307715625,0.0104380454,3.7609183812,4.8944281435,419.3151189001,4.5985006073,13.3238337407
251,0.0389673141,0.0382805455,0.0002206088,119.9031762956,0.9508153449,1.2627667678,0.0018161712,2.0410197126,0.1540265587,0.8345035066,0.0311974799,2.7340682865,6.1159036711,421.9189612072,4.7149635212,43.771817042
323,0.0148507007,0.2577670523,0.0806950429,70.352996631,0.5174737842,1.1063775697,0.0003186114,1.5142179813,0.0728665595,1.0473661399,1.899126899,3.0650230176,2.1519347293,411.1292124097,5.2799122529,45.6473654422
257,0.0328275029,0.032535193,0.0191532119,31.8945232942,0.1665346034,0.0121523936,0.0001125381,0.0464443503,2.0288504151,1.0877627195,0.0207842655,3.9488728982,2.1740722168,424.7418901239,4.099984026,13.3000305672
254,0.0690374348,0.0545587381,0.0186629444,119.9694063781,1.2830134286,5.68957725426828E-06,0.000028532,0.0153940689,1.43114170037355E-05,2.5748039608,0.0234722312,5.663034575,1.5450838301,415.3433096061,4.9909321193,50.5333897026
1371,0.021635484,0.1445558358,0.0648903668,101.1214136174,0.132581745,0.515834942,0.0003509271,1.2047658247,0.5866237441,1.7006052009,0.018892611,1.9126352759,48.4794106444,421.4371599261,4.8001735614,76.3308397782
856,0.316918444,0.0120261231,0.0060916558,87.4956966652,1.1530560914,1.1592992969,8.64743342296808E-05,2.5132175074,0.6218910519,2.0926048079,1.9875154641,3.0024233349,2.1545308724,418.4267629413,4.7128380112,67.1539827846
857,0.0259891215,0.0234222405,0.0025718693,79.933805699,0.0082186326,0.1152463576,1.25772623955752E-07,0.2858750979,1.9998706729,2.3837710097,0.0824378534,2.6113204146,3.4027359733,420.9171646361,4.81085038,38.6516391857
1425,0.0169265285,0.0151650616,0.0101274813,103.251907322,0.9658096951,0.0629144102,2.39057533868796E-11,0.2949136611,2.3255404927,0.9233696156,1.9994982293,3.3658956096,6.8462723234,423.2176216351,4.0855480068,21.8662734504
1394,0.0557959167,0.7400772747,0.2578287854,68.366603051,0.0143823611,0.0238360339,1.98221380720011E-05,0.0253481878,1.0131241976,4.9600248881,0.1233701477,3.8972971991,2.0090708887,414.9321137665,4.9954025007,40.0252189078
1427,0.0213570882,0.2786592398,0.1035831858,76.6736985248,0.8938704049,0.3112146269,1.05340105847569E-07,0.2314967016,0.0852995291,0.5984145162,0.0202363856,4.5881076741,6.4164985308,415.2531439688,4.7938775627,44.0369186653
1370,0.025920807,0.0184572851,0.0075447362,93.7830111126,1.410246361,1.3857113032,5.22693171715138E-06,1.8581906726,1.1543186348,0.0004985568,0.1329492778,9.0411718956,191.3916712733,418.6964350785,4.480747866,22.1117880299
1163,0.0288988431,0.040928315,0.0113915725,83.2349262041,1.191965624,8.3795769472442E-05,8.09139442614858E-05,0.0613970169,0.0058253323,4.6506105381,1.8084488873,3.400818132,2.0418183381,424.7781906942,4.1578720646,39.8720088327
1383,0.1477305549,0.2749200949,0.1935793151,56.6233490657,1.7497285147,0.0239691844,2.86809427233652E-05,0.0355248929,0.0628116128,1.3996929292,0.0992085018,6.4880495497,1.3466092961,423.6111866332,4.7215654158,77.048678572
540,0.0168259941,0.1600981701,0.0678814184,84.3526661054,1.2146916841,0.5822613546,0.0001150868,1.3662350594,0.6597493179,3.0419371895,0.0833696062,3.8194143702,2.223871923,416.1140545107,4.9169051496,21.09003914
731,0.0363380436,0.0239576701,0.0161852025,97.8911486449,1.2773782024,0.5570291751,0.0012398403,1.3882530111,0.7667681939,1.2762410983,0.0408404942,2.8751694335,199.9999225518,411.2842975773,4.5514233371,87.5774767579
732,0.084485818,0.8833830463,1.3157715131,86.7295168276,0.0295312638,0.015656857,2.52518099250378E-05,0.0147763123,0.0002122345,3.194518742,0.0063270025,2.4156303922,10.3875145098,418.0246293172,4.3930775953,35.2917864749
737,0.0190765068,0.0254191836,3.65227703970543E-05,119.9980727018,1.3807854824,0.3460093517,2.95878296609351E-12,0.8446282468,1.9230734004,3.50249119425752E-06,0.1274819012,7.4779384886,69.7947086032,424.8208241806,4.9404524268,14.2505534682
6,0.1692637119,0.0097545912,0.0062493131,84.3513328424,0.2355885411,0.9487563916,0.0005182932,2.435361762,1.1711553179,1.7594945389,1.9999795455,3.3493608802,199.8974892624,424.9980747741,4.7099806089,14.2909513716
506,0.0081975226,0.0344034267,0.0060903972,78.4595758074,0.0656789757,0.3041828435,3.02583646627533E-06,1.4085602713,1.493918037,4.8100932752,0.7690948266,1.910176824,5.2688268034,413.9501725769,4.5998790102,34.6840502561
504,0.6135756365,0.1275228411,0.0520956729,72.1906782139,0.8352304107,0.0131414176,2.41326375407665E-05,0.0225999884,1.1127928929,4.9983730038,0.0152419196,1.9163878334,6.8834060372,415.6776907627,4.6897917885,44.7349664165
502,0.1371732673,1.0305644393,0.2248933071,68.9518111028,0.9662849296,2.58206932870352E-05,0.0001154026,0.0146595887,0.0010041592,2.4462978025,0.0419799043,2.1958087383,6.6523095679,406.0336296016,4.9737936448,14.0410774365
631,0.0228205869,0.0124209704,0.0045673317,104.0638291088,0.6564529204,0.1474198383,4.29432644763395E-08,0.5432749646,1.110497755,0.0721068439,1.9199666953,3.5754381638,10.0573508988,419.1115043725,4.3176540663,33.5621746761
632,0.1117847702,0.3410622119,0.1401696291,64.8439639785,1.5539425351,0.0734012705,6.44165037347269E-09,0.0342044442,0.0004487746,3.7282861109,0.0278263821,1.4710701268,89.9047750091,419.5414719152,4.6577694782,34.6991759343
633,0.0242192808,0.0212618543,0.0082801202,102.7473151664,0.2923665537,0.1518744467,6.10917234477936E-07,0.4898758842,1.9607820842,2.8030821825,0.1628972208,2.1613552734,9.3917188675,419.5637078588,5.0791051607,53.8563491171
637,0.0025078965,1.0377666508,0.982573488,68.5120333692,0.6229179435,0.0711759917,0.0008561137,1.7147962414,1.1468426929,3.6908192832,0.0320246368,4.8247196058,1.8185180621,416.4085793794,4.5882035714,16.4517427561
465,0.0233749999,0.0237642234,0.0089023946,100.7468260546,1.5630789538,0.0896514886,1.63910931923647E-07,0.2579299954,1.7165146188,1.2610791926,0.0592666502,2.1879435881,8.9193226998,418.0383392195,3.7715460947,22.0475367353
464,0.0103088521,0.0200200922,0.0122934345,102.9355727748,0.6146776956,0.1725006015,0.0007646691,0.9951755669,0.701020374,0.5376924631,0.0253379898,6.4538495811,153.664418691,418.8621972424,4.3060418663,16.8454745065
1351,0.13439511,0.0788005277,0.080320598,78.8397559378,0.166352461,0.0437458935,2.32469275026598E-06,0.0619434423,1.9973126295,4.9846636502,0.0667632517,2.0072597075,7.1732766029,413.147041116,4.5817300246,20.9909690861
1350,0.0948411522,1.1901464539,0.3400530331,89.2099161789,1.6768226097,1.70042683088021E-06,4.27938642440906E-05,0.0196198753,0.0001589796,0.8096997555,0.0268860699,4.5753478071,2.0601985491,421.7787299844,5.0797418052,47.2580299423
461,0.0931098437,0.9805390304,0.6295664327,79.0767634988,0.064731864,0.0105811068,8.61915172460918E-09,0.0178464672,0.0339176216,4.369198575,0.0058296879,2.6046019167,7.1984297666,414.9098735963,4.0999142303,14.2510492042
1356,0.2034408723,0.1492400039,0.0400472352,80.9022253428,1.018761735,0.0093370228,1.06104707056015E-05,0.0152447803,1.0023592351,4.9994157813,0.0172237106,1.6439963138,7.4945588195,423.4765642498,5.0530376202,53.3629322105
99,0.0385829414,1.1432217199,0.1038054671,61.2932269403,0.2717783833,0.0084291718,6.06287133547682E-05,0.0287670702,0.0387071337,4.4119269667,0.0315401439,1.6336654616,7.3579893147,414.6910371373,4.2980018707,51.2441844736
168,0.0092851073,0.0203974974,0.0079452949,102.4850101612,1.0408489352,1.6542307961,0.0004225709,3.5389666056,1.2155301432,1.0696617174,0.8591663872,7.0487194001,4.24349817,422.0535819168,4.4434127364,16.2664359108
169,0.0525636978,0.0623907197,0.1454955999,85.068840468,0.0215724296,0.0035471046,4.46293671317415E-05,0.0444781137,0.0236112302,3.8049469301,0.0414302552,5.8429109617,1.7492984803,422.6537887255,4.4144565611,13.5908257613
280,0.0675836685,0.4332872002,0.2372184353,88.1166664831,1.0647130043,0.0106846332,9.33804057210234E-09,0.0228047148,0.8709632609,0.3292477718,0.031520036,4.5231382889,6.0750055953,418.0358179481,4.9077855935,47.9096621462
164,0.004123614,0.1076468881,0.0403908202,106.7700927366,0.6906954027,0.3779558448,1.31325847040314E-05,2.2452458603,0.8320610777,1.7276350532,1.3605275283,2.6474368543,6.4074764622,419.7407981465,4.6004222139,48.0855352754
93,0.056962872,0.5261072797,0.7393653575,81.4774715858,0.0226773872,0.0476435496,0.0001621603,0.0635981649,0.5534292868,4.2649879839,0.0032847675,2.585094248,8.2776765036,422.0388530484,4.1815365919,14.2090388903
167,1.8580087115,0.104064786,0.8584224587,50.5260884858,0.0798926671,0.0059921745,3.71126700096861E-05,0.0202563051,0.0004896498,4.6095761596,0.0640507378,4.1061863267,1.7975333252,412.4879997385,5.313836565,35.9064458766
163,0.0564563423,0.0459006281,0.0107072875,114.259446088,1.1518849829,8.98927723358448E-06,5.86683509610834E-05,0.0224794856,1.52575295774586E-05,0.3181410267,0.0236666775,4.9795425876,8.5542959028,419.6160178058,4.1753087067,14.1290277119
549,0.2016682795,0.106089298,0.1645162201,46.5421702014,0.0463893803,0.0194273651,0.000049262,0.0570817719,1.3451297084,1.9788116469,0.0511793026,2.3452032109,11.2589409533,407.5059357703,5.2177790227,13.3171481929
1104,0.0446807237,0.0293493916,0.0187927817,90.1329557896,1.2850763653,0.6883583547,0.0007210061,1.3225619431,2.2523886148,1.4672619677,0.0392721004,2.3933681658,8.8603145947,423.6626612865,4.0857368567,58.5191546409
1066,0.0575645315,0.9310238756,0.4458277492,68.3666600222,0.0177467694,0.0149116985,5.75761192751495E-05,0.048429055,0.6019148279,4.5177116137,0.1020717537,3.901038943,2.0455603702,414.9208124916,5.0683546794,36.8878446273
1450,0.0083921638,1.3466206195,1.7596723361,39.373972664,0.5132720703,1.0569291895,0.0045199899,4.5051765851,0.9884036406,3.9676272784,0.7640479267,5.247087827,1.4633442697,419.9895009801,4.3262030848,43.9513466648
1452,0.0481945638,0.0918301015,0.0722752809,74.8054142321,0.2812173341,0.0152420698,4.40015694993952E-06,0.026244143,2.1710819908,0.1241216551,0.0296871002,8.0714523726,4.6488987452,415.4381014235,4.4633278028,14.6158302714
1101,1.8587828181,0.0084513161,0.0105210618,41.3591100256,0.2840421136,0.0247623837,2.4647347494725E-09,0.0603933786,2.0203377744,3.2132693205,0.0610481732,2.8967102451,3.7380502219,419.2962414097,4.8000006736,14.6782469938
1352,0.0129936858,0.0740346268,0.0208714638,74.6039455029,0.7963285187,0.2771197493,3.32452118145603E-08,0.5101108785,0.8884215835,1.7132288745,1.7847610094,3.5665258811,3.9995903119,424.9998158645,4.474567643,14.6999882389
554,0.0326539794,0.0209335911,0.012367704,91.1884903602,0.0132818567,0.0485935217,4.66667232809111E-08,0.140758224,2.0403317951,0.4574636617,0.031898268,5.9329019283,1.7847785539,424.0795408337,4.8416467728,14.5634938552
1440,0.0292028371,0.0191529464,0.0087686947,78.8990930002,0.0768342735,0.0308487721,2.12414911302668E-05,0.1132884185,2.2222072016,4.9998495621,0.0283429681,2.2252455029,2.6007689862,418.9005973522,4.4820913559,51.4499911375
551,0.0869812176,0.0403609666,0.033260557,50.0332893298,0.2365823467,0.9473953445,0.0045905375,2.2975907335,0.7711040511,3.4725411992,0.0823464363,2.113257045,4.2913021555,407.7972874201,5.1598220315,21.7712400516
238,0.0256856952,0.0309857448,0.0111890228,104.3725809114,0.8289291549,0.1002981319,3.14641666087078E-10,0.2640869789,1.9607093524,1.3030536268,1.1802938775,2.7345473382,5.5471686575,418.1569412628,5.0652533284,49.6740585477
239,0.0814691537,1.0941378956,0.7847213842,83.9523342226,0.1011877792,6.32953563480225E-06,9.28296459014609E-05,0.0167336999,0.0007551531,3.8828440543,0.0205130744,2.2685986739,5.9077571852,422.8356176575,5.200213572,17.2636176461
236,0.0427509677,0.094859138,0.2756316966,73.9566923568,0.0052422871,0.0756917353,7.67814288806053E-05,0.1251958043,0.0025260107,3.7818098905,0.0461150347,4.7450122524,1.9702666888,422.0124272471,5.2937238802,38.0465814071
231,0.0293897527,0.0213111486,0.0122290927,101.6062781967,0.7940970061,0.1319400655,2.50575738572382E-07,0.3006528357,2.0832761761,2.1394921311,0.1929853155,2.7902675293,6.7832269491,420.6316493566,4.6701829553,24.4123955789
1050,0.0348947484,0.0224366408,0.0122461087,95.0800399656,0.8095030734,7.14482126886946E-05,5.96028798438608E-05,0.0378191238,0.0029668401,1.8882751107,0.0348529993,3.0743494452,6.9875604958,417.9367711104,4.1922364525,30.7963271285
1198,0.0186115437,0.0084394717,0.0092564229,119.9795899805,0.000015643,0.0423790551,5.0427147400359E-08,0.2343034919,2.3809192802,2.3000682301,0.0652029176,3.2902965814,9.5982487183,418.8272535977,4.2048811743,27.2997986338
1052,0.0489348077,0.0354832376,0.0132758561,93.8470019554,1.4210899992,7.83676656530387E-05,5.45677846895523E-05,0.0230839486,0.0025481554,3.0606126118,0.0403103043,2.1454198591,7.0053981881,416.9446028524,4.8976983225,31.4635227548
1191,0.0446794597,0.6772784599,0.1748710362,101.5808023054,0.1138941915,0.0069121608,7.11760161914963E-06,0.0163927293,2.1739024946,4.7986132836,0.0298155234,4.1119828142,1.8745224418,406.1751736644,4.5951443347,36.3332706564
874,0.0641557787,0.0352145206,0.0473745339,80.5040396241,0.0142439538,0.0032275097,5.89298365018893E-05,0.0417170352,0.0144139782,2.4782283162,0.0312758154,2.3516080012,4.1437890712,416.419372453,5.4982395241,88.4231547965
875,0.0204293791,0.0234775326,0.0123447,74.7842322786,0.0291379507,0.0694799748,1.33158891852755E-08,0.0694512291,0.0100793814,1.436882016,0.8663152894,2.1466959619,8.5654974166,414.7846600076,5.3514485951,62.9934723718
1194,0.0210499693,0.0149401158,0.0078946249,103.8767240619,0.400714508,0.2737425434,9.67127209554477E-06,0.9195557838,0.7659427002,1.3955481634,1.9026557077,3.7442759736,3.3193449725,419.1646027792,4.9197249692,34.6274163019
9,0.303735421,0.0362056002,0.0187728829,72.0287266593,0.0539788279,0.0235841436,5.83556348913861E-08,0.0217869284,0.132424712,4.5963354486,0.0336393324,9.2917144024,1.3059135571,409.7745871163,4.3006499052,14.2262487821
147,0.0907747162,1.1008910579,0.7454091509,73.8368333556,0.4073874935,0.0140724879,0.000096559,0.0303529814,0.0238324029,4.9162682108,0.0363320319,1.6832388194,8.1600266001,410.1236593182,4.1813914,25.1954716958
892,0.1364518619,0.310206069,0.1198350916,68.3669825524,0.0690845751,0.0001637277,3.72184531565E-05,0.0176181845,0.0200619651,3.335216864,0.0359165641,1.2346537032,45.6739036769,414.9622648791,4.902660722,83.4393279944
619,0.0352713908,0.0469794506,1.64935260049436E-05,53.8149964764,1.1243773642,0.0208482311,5.87178933513389E-08,0.0464789482,2.2016722809,2.9181838396,1.7379097173,6.9612852357,1.4055808555,415.6687419118,4.4669930896,41.6431603558
894,0.0719003146,0.0371975114,0.034519431,37.0743395023,0.1579475654,7.35789336987986E-06,8.38884292830829E-05,0.0460116898,0.0004629229,4.8708877815,0.0559793673,1.5405066497,73.6759522223,413.1662604838,4.7544380097,39.9165536633
895,0.1721216913,0.2512641288,0.3130884651,49.2919663969,0.064927225,0.1386069996,1.12401661398574E-09,0.0561017694,0.0799419095,4.9723468366,1.2374432956,6.1201599046,1.3004664801,417.1875426777,4.5453209311,34.6224401717
646,0.008673773,0.5416480783,0.324550423,50.3526250587,0.3174118632,0.1476790893,2.17891631593452E-07,0.5901513746,1.9038462379,3.9150438646,0.1828570919,2.4699391945,8.8507788827,419.7832440206,4.8000083896,14.1861514741
617,0.0301658604,0.0191937749,0.0112105541,107.4279682947,1.3648307656,0.1292269401,0.0002271639,0.3974562505,0.9695646358,1.2366690394,0.0524778314,4.0946602116,4.7391296863,418.3975945923,4.5119997667,25.650024384
614,0.0237137,1.0020405074,0.2876308793,103.3666421728,1.7429648805,0.011634265,0.0001543557,0.0836544458,1.1135519115,4.8296111059,0.0800728403,1.9590071351,3.914062913,419.7265214381,4.3998474164,33.9620618556
1150,0.0424031727,0.0120832851,0.0299537282,30.0356354483,1.7033722292,1.21263308907662E-05,0.0005473333,0.1663212037,0.0001276994,0.0138594079,0.0176364758,5.6196988985,199.6997381536,416.1441212582,4.4026005393,35.2577297538
1357,0.0138798317,0.4467163753,0.0589914142,33.2127074517,1.7306056605,0.0134378628,4.21818362488364E-09,0.0360452086,1.5622968612,4.9775475127,0.6771271398,2.9397555095,1.9317351109,413.5103261246,5.3053455689,61.4210295681
1285,0.4651596653,0.0600083868,0.024031326,63.1011591273,0.0604252936,0.0082235368,4.05476907553088E-08,0.0195865424,0.8807661653,4.9962991656,0.0136066096,2.1447937351,6.5481212351,413.2908869585,4.7045697494,29.3111038975
1287,0.0539678234,0.0095392535,0.0455810227,84.8315898285,0.0049221777,5.30174362441106E-06,6.30165051473508E-05,0.1572654072,0.0002756874,2.3274907658,0.0363842391,9.9980957546,1.2774763742,417.253311927,4.7696257236,64.1322291769
1393,0.0227684564,0.0196340131,0.0054660956,83.0935017231,0.3505810071,0.0910184012,3.53493611114668E-07,0.2951757191,2.0362615758,4.8068972574,0.039305355,2.1056638473,5.6707202768,417.0243619341,4.7999964578,24.5405597233
1288,0.0281099851,0.5836666299,0.6471937551,87.7487226511,0.0255532129,0.0891499722,5.51402889132189E-05,0.0695699743,0.0233447035,4.538494969,0.0271726517,2.0787207659,7.7533330798,421.1078836416,4.5710872589,41.0882673178
876,0.0528212338,0.0355604533,0.0198344785,80.0661150762,0.1458666529,4.06878934869892E-05,9.10485021315157E-05,0.0392627632,0.0038643811,4.9919418604,0.0325667192,1.7674848186,55.4949612459,414.7284158867,4.8368096427,24.0854846668
689,0.0173749685,0.0638168099,0.0726915968,51.6024879049,0.5772597133,0.3634067782,0.0003077417,1.3811026251,0.5277825366,4.8896067523,0.3584730066,2.2567892171,6.3793244712,413.9929642572,4.6005491819,25.7559323606
351,0.0841138899,0.0378566818,0.0699317312,41.0085484518,0.0443240304,0.3871891627,1.58886710101666E-06,0.4679801145,0.0653705458,4.9537850718,0.4109848274,2.5490354945,4.1830604136,418.7515732226,4.1472508684,16.746684039
1190,0.022292443,0.0308077227,0.0105439868,73.6099368003,1.7167382059,0.0876142259,0.0012725747,1.0013153665,0.011723116,4.9198717111,0.0814292364,4.1712559793,1.4505909569,414.0082808727,5.3000627324,75.7448800584
684,0.0268763685,0.0382140426,0.063954333,41.8673521735,0.4159050798,0.000847716,0.000108054,0.0718330131,0.0884084507,4.9932500218,0.0834311801,1.3653401896,8.7770685423,419.6496636923,4.8989883846,69.3587185621
681,0.027427901,0.0164078414,0.0119749047,79.9416494268,0.332251851,0.3896647933,0.0015509529,1.7994073921,0.7017094862,0.4853703365,0.0591613858,3.4313077703,4.0901612848,421.2518154829,5.1174518415,30.7896247999
1193,0.0209134581,0.099700637,0.0820687849,51.4874870276,1.7400412639,0.0195591703,0.0001413884,0.1768173803,0.0011417437,2.4100172316,0.054688365,2.1259788331,10.8797338255,412.1015827341,4.6998607868,47.1021583979
1304,0.0516375154,0.0308378722,0.016937597,74.9657581587,0.0792034206,0.0275581819,5.46893034588534E-09,0.0440117287,0.6445980723,3.9304865958,0.7802146561,2.4583472075,3.6237340335,413.6241794806,5.3165749961,35.2046687338
1305,0.0244823165,0.0131126116,0.0106835302,103.8756130476,0.153344175,0.0880754476,4.42582336391069E-10,0.3900164151,1.1128316655,1.2795715138,0.9594528351,3.8012573725,7.9004015633,419.0487237042,5.0351862968,28.2536832273
215,0.0782677572,0.0280461671,0.0458394259,72.3042495212,0.005299134,2.25978714606779E-05,0.0001178138,0.0497053374,0.0001229079,4.0778312275,0.0559969742,4.2403030887,1.6762495198,415.8007385695,5.3686919765,24.0161403473
210,0.1094493489,0.3487694894,0.1647671288,74.4527983432,0.4067106531,0.0012483302,5.13455059553232E-05,0.0325877667,0.0596911579,0.9698441786,0.0530584064,2.0991017378,9.3178762753,415.9336784626,5.1097398741,54.3194664624
211,0.0424410357,0.0458369497,2.44982394735756E-05,119.1547020212,1.3700759618,0.0114617266,1.93395291154788E-07,0.0051463018,1.2094550174,1.5113351857,0.0704025667,2.261348933,20.7098051906,416.0662526528,4.1825743937,13.3532332222
766,0.0539944319,0.0157361578,0.0368702202,74.9204154768,4.19627750134407E-05,2.28846447079905E-05,5.36784037278441E-05,0.0308336539,0.0021068685,0.4557078084,0.0262765484,9.8983406496,198.9388932478,422.1817638241,5.0674434752,28.0637738699
1225,0.0182120374,0.0189795648,0.0075716351,104.5949373094,0.8245781934,0.0995661049,2.03949449230161E-10,0.2429744169,1.1055843575,0.2010518839,0.428296808,7.3127475916,118.1775714516,423.9595892894,4.5842929282,31.0064876607
219,0.0574291517,0.1561381899,0.2450373024,91.2023650667,0.0349334205,1.29354384250192E-05,8.88513882789461E-05,0.0329116356,1.01401858617E-05,0.2989401464,0.0212449753,9.9958472526,1.3329400066,423.3031733742,4.5707043474,25.6933327624
133,0.0225286919,0.0666250324,0.0683998746,73.5006197752,0.0345656352,0.5409229215,0.0093075841,6.5321066321,0.7368879751,3.8282490016,0.1972942319,4.0336515377,2.0677722329,412.8153757356,4.7727617748,15.3105225578
130,0.0987724718,0.8973660496,0.3678074483,91.2099185605,0.2418925228,8.50616706539905E-06,5.54334659505891E-05,0.0224753294,0.0011017035,0.6543756915,0.0183071786,5.0181703787,1.9971455552,422.7807569601,4.41233928,28.9458435653
1112,0.0510272924,0.0346843565,0.0193199903,62.3527345915,1.7078673498,0.1928347419,7.95736256521953E-06,0.2836672779,0.4113573727,4.7384777556,0.0663518618,1.5612554776,9.0214042189,408.7485929123,4.1757925932,25.6096738965
494,0.0222676718,0.0226337447,8.74320686405744E-05,119.0088381325,0.2500205544,1.6029827842,6.19591175522178E-07,3.2068619647,1.8696748066,1.6737488245,0.0532581721,3.60719102,111.5393719331,417.5972959488,5.0354774172,14.2356560289
139,0.0186105137,0.8771069967,1.6683486827,41.9731390206,0.0684054485,0.915119784,0.0007121331,2.0435775472,1.0711273327,2.4522950389,0.3482938677,2.7078602054,9.4996657468,413.0255363735,4.3488781045,13.8056215954
491,0.0299144372,0.0300442602,0.0021653751,90.726178776,0.4127850911,0.7058256526,0.0076222617,2.321691386,0.1217823058,4.9998571896,0.0548863921,2.1271347094,3.11172269,411.7763997069,3.4816465887,23.0480470271
492,0.0176008488,0.0193370029,0.0106876061,68.8600353322,1.1828525058,0.2868853435,0.0047652752,5.2982448483,0.4523845789,3.1799402993,0.0645970714,2.5727512765,15.9183094108,416.2872110955,4.2097257912,19.9557125687
24,0.4451069995,0.0369576366,0.0096362356,61.4503051073,0.3177902259,0.0037358393,8.46862601208064E-05,0.0157877066,0.1177657531,0.6885442156,0.0082664795,5.2279368289,2.4753977507,417.2521916946,4.6995367771,16.5093796731
26,0.0107677547,0.0915361567,0.0343182072,53.9602343995,1.1872646431,0.629174406,0.0001261354,2.4132255216,2.2392503215,4.5047249545,1.9887477153,2.6972302128,9.6123376763,408.0159083405,4.3877005081,13.6635809941
27,0.030244366,0.0313900901,0.0055070096,76.2679111706,0.0460423637,0.000312142,0.0004809245,0.1452374554,0.1688026004,4.0352495672,0.0300183402,1.6992009523,136.7251060847,414.9321718816,5.1995358932,31.7409013889
21,0.0243517181,0.0114251464,0.0076652976,103.8769635379,0.6515044448,0.2992780824,3.8826352069361E-09,0.9223094818,1.5798038964,0.9781891281,1.9779301775,3.8531525197,7.553047981,419.2479209461,4.6908005599,44.5448967887
1078,0.0112491434,0.0678481061,0.0272849525,74.6299934848,0.0121506945,0.0477951384,6.14691877277337E-08,0.150580877,1.2011381641,4.9996866725,1.9351590452,1.9864842505,6.5759551071,415.9650825623,4.1999947722,48.7448683059
1075,0.0594975882,0.0219420287,0.0390049111,80.1211129207,0.0054287286,5.85701699918737E-05,5.61237882776332E-05,0.0708411727,0.0041075001,4.3821097213,0.1308085469,6.7832891822,1.4749191218,424.9997601145,4.4043484155,28.5025522655
28,0.0984734356,1.0051707292,0.2648723324,81.8595738723,0.1751929898,9.25874252630795E-06,6.20432510554693E-05,0.0228479252,0.0011072153,0.7173328772,0.0305394956,4.8984380659,1.87934221,405.7816241267,4.8847364131,51.979010255
1298,0.0075519378,1.2367963792,0.6425108088,114.4126036958,0.6201381086,0.0039073411,0.000062314,0.0622837381,1.8866635783,4.169018876,0.0037599182,4.3575488041,2.8493614694,410.4913166621,5.2623612101,22.5986779082
289,0.0459924368,0.0116460197,0.0090536271,103.7517169232,1.1159715998,0.263527421,2.92438412197643E-06,0.7553571734,0.9303769244,0.9578250788,1.1285296519,3.4875301409,7.1176120722,419.483533959,5.0483750226,22.0490313505
406,0.0587723297,0.8843138561,0.2410371974,63.2937580528,1.3983809697,0.041222509,7.81287548624717E-05,0.0567273009,0.0002541482,4.4409952018,0.0284620255,1.6544913952,7.5870601457,407.7418813151,5.1106572272,40.0364278376
404,0.0072820859,0.0939734091,0.0252826156,72.9504225213,0.2054438202,0.4843265544,6.67823361026604E-06,1.822959931,1.0525716584,4.9907540425,0.307428494,2.8091583066,8.5627200087,415.9204352394,4.5731919565,14.0915452787
4,0.0174749909,0.019154327,0.0005418968,59.6008652956,0.9934530178,0.9623317178,7.58207323957466E-05,2.8825136406,1.9632223746,3.8604784901,0.0594247905,3.5907403635,2.1096783483,415.8715400723,4.2993306875,14.0980269833
401,0.0280481877,0.0169098895,0.0059943724,102.9835183591,0.8554753085,1.417486278,0.003529946,4.538769975,1.0784593523,2.212309402,0.0486881242,3.8520727438,199.4811393409,417.6187421187,5.0100683962,13.8955867583
283,0.1743539531,0.068858013,0.0522874716,65.2186688108,0.9199606199,0.0293377705,0.0001000441,0.0404300224,0.6128735426,4.5954451379,0.01875445,1.5177927288,199.9726340302,415.1753599795,4.4752687537,14.5943321568
284,0.0588482657,0.0211568021,0.0400736354,49.4695386659,0.2117513788,0.0205416336,0.0002509823,0.1067682971,0.0008345282,4.6158327673,0.0389121987,2.0228778977,11.1635983166,405.9406797603,5.3986486425,15.0087499978
287,0.0575394719,0.021699963,0.041168743,48.4698619923,0.0347769311,6.8871337800899E-05,0.000285675,0.1792690199,0.0152862286,3.7099973529,0.0687217499,2.4411102109,9.5485438945,419.8969542442,4.8194777133,13.3203404691
1442,0.1238686764,0.0353296501,0.0953764736,41.3009775265,0.1202081567,9.17702985531212E-08,0.0001339624,0.0475963473,1.89146123923429E-06,4.9894611606,0.0528541174,1.5845259631,8.7422330732,420.2296855455,4.6704869148,29.4959457909
1343,0.0665970421,0.5839283592,0.1791479225,85.7297592484,0.1610664164,0.025510034,3.6725059027225E-06,0.0112535357,0.2435358741,4.7306234436,0.0100614457,1.9103675332,8.2344904525,417.1305490169,5.1850046048,62.0899538124
981,0.188040851,0.0096843063,0.0079437611,55.4211372454,1.5891711449,0.5405650022,3.16573895731974E-06,1.220898616,1.5462122712,4.7255987774,0.2570852248,1.499543664,30.847656552,424.3941678363,4.0864267945,41.8398537479
679,0.0811568517,0.7628420968,0.2411216771,68.3665283621,0.0347475626,0.0112013376,7.22417121311589E-05,0.0265338908,1.0069795254,3.8291294308,0.0621486731,2.9745551575,2.1169729815,414.9869122189,4.6474173974,43.9980092834
1092,0.0259287735,0.0730544815,0.0523060322,83.8722038038,0.219057928,0.2140588913,0.0010135326,0.7054507255,0.0007681304,0.3440069514,1.9875038494,4.5800718512,132.3840286011,405.4360069233,4.8347120486,39.455789719
1093,0.0061987146,0.0767515846,0.0133759061,103.8209063784,0.6637081118,0.2520438693,2.15133223525293E-07,1.0699494001,2.0828686938,4.9999956941,1.9681794128,1.818277287,17.5384933116,424.9999961608,4.6893479173,29.3999964175
1157,0.4850242972,0.0522342267,0.0050642692,119.9782313035,0.5768462534,0.0001098184,3.01177930632162E-05,0.0176248674,0.0003308438,0.1841105791,0.0342912809,4.3833734861,199.9998444453,412.0803697991,4.7762321743,55.2094365309
677,0.0270046399,0.1094824513,0.0448285233,64.1194279173,0.9472285025,0.1596263959,0.0002592161,0.2250800452,0.2724856483,2.7482542818,0.0346045213,2.4084437614,199.9999912212,422.8938046113,4.9942071676,24.9952300347
671,0.0307984281,0.0599842414,2.94658995349348E-05,37.0123613075,0.7807481221,0.0212166052,4.45338263702243E-05,0.0195585906,0.0236097049,3.9254618356,0.0174682305,1.7545419578,75.7308116429,413.1140599291,4.9030170077,43.7701008857
263,0.0963391428,1.2219288157,0.5333666091,87.2102152372,0.9692870673,1.10944758806821E-06,5.0733593917008E-05,0.0251040713,1.1122463384,1.2288695372,0.0236108955,3.8115263823,2.3088193411,424.8569443553,4.6984722984,52.0847301272
262,0.0482721695,0.0714841282,0.0531682654,56.2777124369,0.0589647955,0.091571155,4.35111597364706E-05,0.0416873673,0.0020386932,0.1515728486,0.041429888,6.6203258024,189.4133417016,409.2866285214,5.175185206,48.0970747509
260,0.058114382,0.4679157784,0.2074711947,82.009482163,0.2346456174,0.0343484264,2.27850064892952E-07,0.0168629038,0.0006849697,1.6994774094,0.0180308126,2.4783862863,10.4351781746,419.6402861136,4.5950118222,14.0442650478
1121,0.0376591879,0.0364858597,0.0362316138,108.9607139204,0.3983717733,0.0340054234,7.77602797942988E-08,0.0723230147,1.1029385892,1.0765818441,0.0224953749,4.7683158636,4.0242688627,405.9683429736,4.5205697477,20.9909043819
332,0.1665299446,0.1634208613,0.0546009617,64.6149122198,0.0337136187,4.61422608990504E-05,2.77207261616429E-05,0.0143280547,2.3546715195,4.9920903382,0.0099206033,2.8309938806,4.5041324032,413.3841628068,3.9880948481,14.0806253482
399,0.0602784089,0.0721605207,0.0619702356,73.8180423094,0.0639086266,0.034843137,1.63377086595313E-05,0.0825367615,1.9220274968,0.9355129162,0.2995055447,3.094585842,3.1432094569,417.2741120572,5.0342784141,49.4700121645
58,0.0231641687,1.0639907497,0.1356272598,87.9851314768,0.2722863139,0.2807326341,0.0031863914,0.5013675949,0.0008522102,4.3921672879,1.7220720489,2.9913758814,1.8844341118,410.5641639959,4.5061563123,22.1687571113
1215,0.0480021505,0.0326988637,0.0124743354,101.8757010819,1.3099192182,0.124854545,3.07317327709766E-07,0.2060401388,1.2993382302,1.3919367458,0.3660480417,2.5529077877,3.7165580339,423.2443312923,4.8450601216,57.0983248223
55,0.0674682321,0.0616399742,0.0441797779,80.4513753171,1.3057715817,0.0238471461,8.11019408543772E-06,0.0453000995,1.9543017824,0.0397333312,0.0054867854,7.3741265965,3.1182926071,420.595233921,5.1071915609,44.0474893371
53,0.0159399744,0.0428382967,0.0472436791,75.0290370892,0.0168535153,0.4598834512,0.0008868235,0.5420415538,0.3843082692,4.6022289022,0.0334359963,2.6401759977,6.9181942519,414.3226079591,4.8346797924,45.8288960893
52,0.0175185724,0.0561787422,0.0296765904,56.9048117272,1.4421448272,0.527745124,1.44363315684454E-07,0.7386615979,0.2200514608,0.1708384249,0.0408094184,6.4685612837,2.5456283976,406.089162671,4.6168588728,13.9173308199
534,1.6634113056,0.0467481213,0.0036650477,32.157387629,0.9222601123,0.0072598455,1.40842627363846E-07,0.0152611066,0.53120507,2.7295552559,0.0003059731,3.9101070338,9.4818527082,420.2766071953,4.2992765595,13.9795724551
370,0.1115325605,0.1527022802,0.1439042088,61.9677597654,0.0553078805,0.0113140027,1.40017814874665E-06,0.0189331375,0.3762925204,1.2432366264,0.0164286986,2.8114008051,9.3267880944,408.706763854,3.7779754946,14.1229197889
827,0.0377720511,0.0298812143,0.0153018178,70.9658065632,1.5218685181,0.0491211431,2.72975737363356E-09,0.1067246632,2.0237581513,4.1819116482,0.8472839883,2.3137293948,3.5104516544,416.8417053686,4.6550832701,38.994953124
374,0.0539910564,0.0270144149,0.0271148225,48.4672751039,0.1705605931,0.2925141416,0.0004344158,0.4863823835,0.0486799511,4.9782045297,0.0334658406,2.2003208225,8.1069468838,419.9748783243,4.7991226141,13.6696489363
911,0.0721226193,0.007248431,0.000110233,63.9967715088,0.6863547687,0.3966481179,5.04722958770802E-05,1.2267674872,0.3766188816,2.0685354281,0.0875819884,3.483508798,7.1230952357,421.0913846126,4.9023962785,26.9030830967
200,1.9999388348,0.046472354,0.0096019948,119.9946215804,0.1919377919,2.72266749143405E-07,3.85754266276751E-05,0.0233934912,2.14672325913975E-05,1.0682870747,0.0313537991,3.5631604919,2.3539303931,407.1582475376,5.4159410085,55.1086780974
983,0.031316408,0.0445915174,0.0339219837,52.6223370005,1.5050116616,0.7681759929,0.0008270649,2.1839140678,1.8855701033,4.9491505142,0.2014672018,3.7610991971,1.6294176115,424.7157375383,5.2698336269,32.1902162968
980,0.3712738808,0.0738470103,0.016128791,74.348808737,0.0425019962,0.0051775127,1.98744721950505E-11,0.006172464,0.7502044055,4.9810084085,0.038060142,2.2866263113,3.3604646714,414.6388115832,4.7557351338,67.7403262762
618,0.0120665774,0.0497060152,0.0215997421,101.8064220639,0.1425188766,0.2595495903,0.0001322409,0.2354331482,0.0007167572,1.2087088314,0.3125662897,3.1762128927,199.9602839101,411.1009475141,5.1864212492,74.5587420361
703,0.0172410568,0.1167562453,0.0343465269,83.9437890475,1.1009967743,0.0012450525,0.0010342349,0.8286283865,0.6280329226,0.325965282,0.6991894361,4.5594497065,4.1578777429,420.1718582476,3.7783684291,19.55159057
68,0.0237724781,0.6188431909,1.7897082438,44.4484677429,0.1425275141,0.4285868932,0.0008588471,0.6611645267,1.5231474008,4.9999794029,0.0960215258,1.9509725376,7.4483051436,424.2840963236,3.9901585288,14.6706683812
202,0.0475651882,0.0254902907,0.0177440707,99.2050983011,1.7380370371,0.0288791464,2.29694857607582E-06,0.0902591062,2.0819080064,3.6179583626,0.0478408811,1.4444436325,195.562422681,413.0491180614,4.8156703149,76.2771180653
110,0.0704308634,0.0164276836,0.0454966963,101.970602593,0.0340986328,0.0272069993,0.0004781433,0.2975602542,2.055882327,4.9766541802,0.0418632883,7.2796686386,1.4866807134,424.1357398987,4.5844445931,25.885597626
82,0.078944248,0.1591715082,0.3277787752,50.3017664921,1.7435295895,0.0001922891,0.000047022,0.0228311119,0.2087656809,2.1423458719,0.0128213169,2.7182933493,4.7623098855,411.2276212052,4.3077964251,16.8690153287
80,0.5073570986,0.062595156,0.0291944948,76.8641747696,0.3303143092,2.01774702678598E-07,4.95024590823085E-05,0.0196026576,0.000000576,2.0757596162,0.0457898631,1.7071504144,8.2895181713,416.5313476258,4.5984028483,61.7036577172
81,0.0561862226,0.0375629318,0.0183991166,47.4826691397,1.7148055631,0.027970063,4.58370257599854E-11,0.0484394082,1.9999825164,0.3414372068,0.070874905,4.6697771329,23.6222400015,412.9351837059,4.7575714421,30.2224475501
86,0.0293538096,0.0365851332,0.0103332644,58.3534294018,0.4882466789,0.5774003137,0.0001662295,0.5904051147,0.0879538954,1.1453797476,1.9982073776,2.428933266,2.153435575,415.0113334599,4.0398725716,48.2783861703
118,0.0160937017,0.0260893672,0.0111702619,103.8607410621,0.628695529,0.2377509685,8.69914898453421E-05,0.7629307633,0.2607243094,1.0031502714,1.8835226493,2.8734178979,6.1414828956,419.6092496013,4.6402542611,45.9598282388
312,0.0162636477,0.5971618719,0.813904776,52.4768009521,1.7192369257,0.0259809753,5.66015875836706E-05,0.0898703237,0.4559556485,3.9186573366,0.0248810233,2.0621886694,9.5226540056,420.5511526002,4.8008717813,31.2641275579
1171,0.1287610789,0.0168234912,0.0101035407,83.8495152062,0.7517718952,1.442010065,0.0028891745,3.4756123008,0.5619018618,4.6909773252,0.018480947,1.642447306,11.1665233693,408.7718555199,4.7747436922,53.3102537686
536,1.4999978931,0.0013910126,0.0006705154,102.7271862917,0.105897033,1.22101511616095E-05,2.73727878854065E-05,0.1230964547,1.93509782613213E-06,1.4008296892,0.5648061104,3.4113374467,199.9259796769,421.4406916394,4.9939476286,43.4997950066
1091,0.009778663,0.2544300623,0.2000620829,88.3795209777,0.0137170237,0.2843791154,1.73746857852952E-05,1.322184663,1.1132556136,4.2764897267,0.0277452676,3.105772844,2.1435956072,406.5773930885,4.881217444,27.1160418734
1113,0.0190285221,0.0157016852,0.0099226013,109.8133523196,0.7358789345,0.1619414245,7.23329567651156E-08,0.5818358241,1.4422693813,1.1374692291,1.9402472422,3.2779380317,3.5361900548,424.9998847488,4.0850106612,23.0999878608
1257,0.0117306141,0.0287754786,0.0029057792,69.3116934588,0.0323285348,0.9343056575,0.0005146577,3.3493964274,1.6156779999,4.998611289,0.1848513098,1.3624882966,8.3726008176,414.8317857608,4.7999670887,71.4441591383
1251,0.0575766778,0.0720182857,0.00001,119.8859586476,1.3341753796,1.60250331621158E-07,6.23002048589262E-05,0.0238587786,1.95334367646708E-05,4.6324206721,0.0264768564,1.9509126413,5.8548131339,405.5568717879,5.2030375065,25.3209067421
170,0.0378894701,0.037582331,2.64777428498326E-05,119.9866658548,0.0178221215,0.4069063065,0.0004890704,0.753733471,0.9093445235,2.780503575,0.0275202275,2.5116818702,9.8403414964,420.1986869336,4.8451029551,14.0219516314
425,0.0744692054,0.1542561422,0.0426186153,76.1521035995,0.1482677066,0.0145481166,1.27506875355645E-09,0.0196242929,1.8933939256,4.4801239211,0.093423398,2.9901830511,2.8778386023,420.3336910462,4.6018278819,30.4439035313
1392,0.1004770547,0.1199228752,0.0003615663,75.0594856833,0.0032287688,0.0027228105,3.40121511632126E-05,0.0112298662,0.0001181556,4.9999276395,0.0430227903,3.9397679641,2.1612935374,419.6978595476,4.3887948244,26.2497650323
427,0.028449407,0.0349468526,0.0679330579,89.7650618441,0.023775073,0.0049640926,8.82738157669084E-05,0.0647850952,2.1181982347,1.1546731545,0.0242016876,6.6878142998,152.3564238155,424.6907056312,4.7133362621,14.6509956738
912,0.250139259,0.0090603724,0.0054921677,89.5156381445,1.0150616757,0.0219012524,9.42947456599742E-12,0.0620036547,1.3830080716,4.9195916209,0.0455356902,1.4692235442,7.8922032568,413.482311596,4.6550784907,63.9054492737
1421,0.0052754801,0.095910956,0.0114011682,103.8206929006,1.7171178527,0.2431779699,1.04246552715164E-07,1.1064940201,1.012406182,4.9999743324,0.4171080787,1.8530499859,196.5375084976,424.9999736588,4.5360662557,60.4411826218
1420,0.0215700633,0.0227927456,0.0068512069,58.5556639947,1.7104776319,1.5187025987,0.0001156029,3.9107588993,1.9607209453,1.3483690717,0.1425064972,3.3336195622,10.21472159,409.0993377244,4.9096699166,21.2924112941
1133,0.0383158275,0.0169195593,0.0199130583,86.0077915248,0.0415351563,0.0436498171,4.46231604531034E-08,0.1404541943,2.2727262312,1.3699321147,0.1249598385,3.193963081,4.2353577915,424.1067462764,4.3449901685,35.0673090425
303,0.0750697612,0.0210329304,0.0438819604,76.1015220348,0.226518544,1.35572620637591E-05,7.0785139992089E-05,0.0260714933,0.0044701956,4.9787393703,0.0395916226,2.0861450002,3.3193704161,416.8092472391,5.1995880866,35.5305030654
1134,0.7102716165,0.0174314657,0.0333498813,40.1503366297,0.1272619412,0.0383419234,1.83996301712718E-05,0.0679329006,1.2815223412,1.9533705427,0.0282977525,2.2799492914,41.1855649978,421.2466474578,4.6776676982,27.2058777919
245,0.0582947475,0.0629263661,0.1086576313,88.7510476873,0.0246066083,1.80855975944124E-05,7.91753870833974E-05,0.0371321191,1.42254774499351E-05,1.8978263372,0.0097156601,3.7408421965,4.3209473148,419.3202196311,4.6558656784,14.1519017004
1384,0.0482056015,0.0480352188,0.0001870127,111.4809333287,1.6994819193,0.0143791325,1.43049410606357E-09,0.0217600628,2.1738223135,4.9990190495,0.0096884319,1.581433325,163.8100121322,424.9086313708,4.5781617875,29.3999781921
247,0.0257068116,0.0235508822,0.0114365753,97.015106383,0.9265235386,1.0065640017,0.001111871,3.6968403441,1.3074833496,3.6230361583,0.0795182889,2.7461784739,4.2052639731,410.7653263608,4.7913947131,14.2169939069
246,0.0503749246,0.0511353076,0.0572627225,68.3222785297,0.2016450813,0.1060433258,5.36215927344495E-06,0.0788893952,0.0112946979,4.4025610458,0.3583416961,1.3780805644,9.5222622533,411.7986088373,4.7147781878,41.4295628645
241,0.0300611366,0.0192179954,0.0170912258,103.1228744638,1.6055629347,0.0730226682,2.66504994098209E-10,0.2612364176,2.2726473423,0.8799815971,0.1174067596,4.3586137052,2.3917877444,419.1763309606,4.3959386956,27.2526505449
148,0.0154584653,0.0355104603,0.0304657731,72.4526554563,0.068726823,0.1343340591,0.0006194455,0.5388199918,0.4674893503,2.4414896031,0.6903085585,2.1244050056,17.8109464323,415.9380929451,4.7179842246,32.9933863999
243,0.0820650673,0.0583116386,0.0394394307,75.4515094426,0.0920874587,0.02540397,9.24876922327409E-06,0.0433931692,1.9495978551,0.0904339543,0.0125332249,6.1497103982,157.3273628354,414.1136818893,5.0051121318,72.30785386
242,0.1364337761,0.0539708388,0.0714251739,88.763936989,0.019746377,0.0050236607,8.17867079592971E-05,0.0345001177,0.7796691827,2.687392155,0.0135755938,2.0448488001,29.0366057148,419.4739509995,4.3003990116,38.055884032
1014,0.0457949391,0.0349435534,0.0107984962,93.7878405753,1.0810739254,0.0225451005,6.44329262231192E-10,0.045401939,2.1276259199,4.7768773868,0.0669593225,1.0805190725,35.1137764203,413.7895539793,4.6698519116,88.6877662386
1386,0.3644844485,0.0221395612,0.0144980138,93.1715992112,0.0875163158,0.3549285893,0.0008561716,0.1341179482,0.0711411985,1.8688341366,0.0207729664,3.4396441893,1.8388975836,415.8283691963,4.7325709756,63.8811328888
1435,0.0304911911,0.0131980257,0.0052881641,97.1721054324,1.2255318563,0.7548694201,0.000009011,2.6973005408,1.3241722607,0.6990250462,0.2951507996,6.3886272659,1.5015278325,415.3510608882,5.0996977003,33.4578369085
1438,0.0101205224,0.0555354907,0.0474514896,46.6920698423,1.4817768648,0.7543373339,0.0058762805,7.3905949086,0.4129328258,4.3309454707,0.0622831727,2.3353933008,7.0908165432,416.4580183876,5.0000012186,21.0285007364
518,0.0602074345,0.0323023376,0.0046696571,87.4419425767,1.5267412989,0.4974433445,1.13690316404017E-06,0.3075916045,0.1067951462,3.6005507998,0.0063002381,2.6796789072,9.6619072519,419.6445935494,4.9327472163,13.7033886546
538,0.0174684023,0.7286736955,0.2231504095,119.916656685,0.8299521036,0.0102900072,3.24883920773929E-07,0.0283609901,2.3255775756,3.3216530265,0.0031310573,3.2277097814,9.9067762389,424.7488797897,4.1991629225,16.6846294808
1000,0.0176013441,0.1265349133,0.0826426511,85.3290352026,1.624680523,0.1601367885,0.000000015,0.3932976953,1.0440477899,0.6311608666,1.9996918284,2.763468707,7.1634948993,424.7321515962,4.9635841132,77.1402540705
621,0.0770909362,0.7233508244,0.3312216201,73.2868625092,1.7493296521,0.0003134993,7.12390900069602E-05,0.0190658476,8.75455491062626E-05,3.7305947358,0.1577140646,9.7953364928,1.209369152,405.9261170499,5.0921552844,29.3998297603
620,0.4500182763,0.1555434554,0.1848427199,55.9679120777,0.0508499558,9.25194926671895E-07,1.46802338485804E-05,0.0208413445,0.0001259177,0.7400608334,0.0213630687,3.0657242132,14.0550764782,424.4767684119,5.1981569849,57.9500032845
1221,0.0762659003,0.0349208796,0.028762918,33.5288880463,0.088621178,0.0126222027,1.37235051611558E-08,0.0169661799,2.3255679711,3.7470550743,0.1270577612,1.4700439967,10.4591518528,420.4810439905,4.229652431,43.0489534138
1220,0.0196384258,0.0125563177,0.0077149395,103.8753029807,0.4358634545,0.192222063,2.76636600038795E-07,0.8377071302,0.7420385482,1.3039998742,2,2.6880436772,6.7342095757,420.3460755968,4.767552295,39.7139753798
452,0.0028184857,1.1208196839,1.5421079075,76.8732702703,0.1179234698,0.2503957351,0.0005484983,3.383023334,1.3261712398,3.6308133978,0.021936125,5.0923118151,1.9817397855,424.4932523778,4.8133279429,23.7253937432
453,0.1042026559,0.4041267549,0.6654552562,52.9911629416,0.0121597341,0.0012719915,3.39454652640556E-05,0.0170761456,0.1379029869,4.9631023757,0.0154720318,2.2964747863,4.4932143277,423.5169614195,4.4974909556,22.6054124211
454,0.4254522587,0.0006533034,0.0292581626,57.9445952458,0.021839464,0.4866703486,0.0029063706,2.1399339882,1.6776236647,1.6969592688,0.0527346929,2.2102772402,3.3517045305,417.0897938748,5.1306052741,66.5179715417
144,0.043770649,0.357625251,0.2722534783,92.1025456363,0.0229829763,0.0019983897,0.0001183933,0.0426317948,0.1166352338,1.2154600748,0.0417638326,9.2699505015,1.3049737578,409.5233017401,4.7293849686,23.8353835944
179,0.0174896706,0.050612202,0.0252976086,68.1327026822,0.0314627827,1.17119015644595E-05,3.60173606933438E-05,0.0185004802,0.0035424975,4.2393286076,0.0253313519,2.2626215679,146.9305724563,416.2632216808,4.9132377155,23.8692858378
178,0.0758174028,0.0401178675,0.0821890032,51.5012959941,0.2955368346,0.0123898866,0.0001371968,0.0845967943,0.0366162529,4.4131794122,0.065823005,1.926137591,4.9412668585,405.5497623759,5.3818011904,31.3898898116
176,0.0215455604,0.0176477803,4.85872657110183E-05,115.9221124789,1.5412615429,0.0604130026,4.87482995182129E-06,0.1662346104,2.1636172289,0.136199533,0.3088483983,4.7094308031,160.3590884431,414.3552997728,4.3724240435,14.6989031688
174,0.0109700811,0.9258097796,0.1205834128,86.162672159,0.139568473,0.747086536,0.0003824307,2.0629335257,0.6318099802,4.1523473696,0.0358977162,2.3344952199,7.8453514735,408.3769020086,4.9498956317,14.0615298581
173,0.0250980227,0.0244430994,0.0042421241,91.2461543618,1.5917749418,0.4958966797,2.23690953999242E-06,1.1373220965,2.324150209,1.3677691434,0.067724621,2.0730510769,6.3882961683,421.3795172867,3.9907630401,55.6539802875
171,0.0183564197,0.0081401653,0.0047171056,74.9680819152,0.0883295647,0.2461804683,0.0092883121,4.6685325621,0.5659561501,3.7257975998,1.259074781,6.4353984763,1.3480741609,416.4321827585,4.6000501146,13.9797212392
198,0.0475451337,0.0050781759,0.0144273658,74.4770556854,0.0025793696,0.4939390163,0.0015106559,2.2710315871,0.5289856256,2.3973440032,0.0167074923,4.3119978724,5.3907454717,414.7799739224,4.2420128976,21.9686313483
182,0.0574620549,0.0237487632,0.0321452574,51.0913921489,0.1197861646,0.5721644141,0.0183181607,3.7287486,0.530331083,4.8782680397,0.0712928711,2.3202950669,2.6440390792,423.2700807111,4.8724893758,14.6994516896
973,0.0166544235,0.0187386516,0.0018799755,77.5402679337,0.0381165591,0.5248518849,0.0001177281,1.8128479257,0.8893017163,3.4807109593,1.9950443305,1.7640832046,5.1544696203,413.9143446217,4.8098419802,46.7089538106
971,0.0218308128,0.0304393579,0.0009200958,90.854325315,0.6825185017,0.4169954197,3.94406747959923E-09,0.9508217672,0.9248175274,0.754088651,0.0547332247,2.4066882734,16.3433494448,419.9707304951,4.7999959004,88.2650690935
970,0.1238055968,0.0708813393,0.0624125679,72.2602671234,0.0388251637,2.17665272785156E-05,0.0001214637,0.0400663835,0.0009160959,2.2602322328,0.0623167391,1.6663345854,198.6338242313,419.8628855249,4.7989096953,38.026980342
654,0.0238673981,0.1246206846,0.07245025,81.5520241565,0.1113526078,0.0001079434,1.31722333252792E-05,0.0148301586,0.0001097746,6.58263881255845E-05,0.0537119017,9.998785007,81.9696749523,419.7726839101,5.3411611186,61.180698267
978,0.0297824312,0.0114834842,0.0065332098,103.722843691,0.5668662266,0.2153983283,4.48872030309329E-05,0.8777814059,1.555169193,2.6802173032,0.2099445966,2.6281076304,7.1572210561,419.0922499758,4.8004826284,15.9348149717
656,0.8297913743,0.1005765358,0.0245953141,75.0582807058,0.0890564884,0.01538583,4.98666126107972E-08,0.017639323,0.9998797204,0.5434725165,0.0424185613,7.0796896656,1.5100321142,414.3479985046,4.7701554283,52.5119854173
183,0.0399840369,0.0218141622,0.0240190189,87.4681612358,0.020761448,0.0395927949,3.06332189999745E-05,0.1175589083,2.4385692342,3.3442850073,0.033985575,1.9307449269,9.2962650654,410.1542292606,4.0999228584,34.2411111122
180,0.0226958681,0.4690842041,0.4173043313,54.0520352203,0.0364425024,0.0199800921,0.0001248331,0.0999713491,0.7568928595,4.9886846772,0.0603322965,5.2722489561,1.448510612,417.6461794763,5.1000505042,26.0133720605
2,0.0832106396,0.5080141475,0.3350442986,74.2126529879,0.0816091002,0.008957315,1.65522861042546E-06,0.0175876522,0.8444745568,0.053653589,0.1900706972,6.5730131326,1.5891591674,415.2406032368,4.5524379835,62.0313391317
652,0.4296526459,0.1619395608,0.0101781923,85.1956389736,0.8903284312,8.30232925241575E-06,2.26266374068312E-05,0.010701038,0.0023907436,4.9953923593,0.01607528,2.6153108276,4.4599016897,416.299861447,4.8908374931,33.2190071016
79,0.0091476886,0.2089048593,0.0847382564,51.8998836399,0.2899615927,0.1754715055,6.06261697745796E-05,0.7455360878,1.0426830969,4.3897313313,0.0513480425,1.8838912343,10.2759305515,412.4009856984,4.7029492459,42.5952281471
651,0.0119133882,0.1700649888,1.28460730483754E-05,64.8203004541,0.382993301,0.0089334423,9.43559513035775E-08,0.0289235206,1.7970188202,3.8928118018,0.0273691262,2.266246443,9.0374534753,407.5636826037,4.9193527389,23.2449477331
188,0.0407424816,0.0157221039,0.0166093353,74.7636153501,0.1154168022,0.3361287076,0.0128103247,7.934138235,0.2765056939,4.1598833505,0.2406686981,1.9803081668,8.0969570101,415.7955372982,3.9308711902,13.7945136861
189,0.0176368438,0.0394344664,0.0042374743,119.7028747428,0.2559176078,1.3621366834,0.0003670117,2.7403733074,1.4119205436,3.0870161715,0.0639520311,3.7122743872,2.6976856911,423.9047366763,4.2181938104,14.1150236269
197,0.0078845275,0.5537249516,0.5204819641,75.0505250092,0.031245574,0.3738321196,3.0285872616689E-07,0.8104694352,0.1988224036,4.9978345625,0.1810273567,3.1921890611,2.6807431153,409.6685258319,5.0181061874,28.8845225793
187,0.0204111459,0.0325515966,2.44402681753868E-05,52.4577181127,1.3300119931,0.4842116151,0.0070276056,5.0081151054,0.8574006671,3.786704764,0.3624106746,3.2012829739,2.4920513399,418.3105165137,4.9268415069,14.0785178875
1446,0.3849025189,1.9999712691,0.3358304627,115.9640419849,0.6529463949,0.0037861349,1.7447887266546E-09,0.0108798719,2.0684320193,3.2929731924,0.0012868445,3.1631661075,9.8706933126,410.9763455596,4.8730465315,21.1844905768
509,0.1283914614,0.1211399089,0.0916949901,76.1520845562,0.1640281468,0.0140453841,2.93122995718116E-07,0.0260192216,1.848518981,3.9680128725,0.0373360684,1.6840447476,13.601138461,420.0532098767,5.2523652455,21.1132970321
193,0.020515162,0.0177467116,0.0029754608,80.6481973894,1.0870164003,0.5838019313,8.34615091574442E-07,1.6031681593,2.0815008084,1.5997346354,0.0670148244,3.3270839321,10.1023988321,416.8770348106,4.7005869206,14.0049960586
229,0.0066746985,0.2293892454,0.1863163181,43.2375267653,1.4183947129,0.2002280303,0.0002163044,0.6534114709,0.5081262186,4.9698674218,0.024310969,2.7787266962,2.3173436544,411.4359643561,5.2979298622,13.7646102165
228,0.0648236303,0.0304041581,0.0321129924,41.6668734754,0.1994624324,0.0270051667,4.14714824546164E-05,0.073544599,0.4195452202,1.9583254245,0.0449728639,2.4887842869,7.1476175472,419.6113588845,4.8836504447,23.702286426
227,0.0546343967,0.0271446846,0.0163193122,85.2534308676,0.0579548648,2.71562852051571E-05,8.76651798667157E-05,0.0262641237,0.0015716534,0.9885585911,0.022734646,8.6422630689,1.2920160634,417.5232599033,5.3354364419,36.244085124
226,0.417207897,0.9853117527,0.1131429091,75.9548080403,0.4765134502,0.0155928595,1.24310517485527E-12,0.0176935478,0.2617849688,2.1785357867,0.025607627,3.9482189671,3.626373454,420.9928323648,5.4726036421,14.3979226582
224,0.0239971339,0.1990644297,0.0919293132,74.6956141083,0.0567327613,0.6992991564,0.002617582,1.9024009111,0.3166855008,4.995161227,1.8069782521,3.8776064925,2.1870829813,412.489967572,4.7890310379,13.8083643348
11,0.0049736158,0.0745954011,0.0140763002,76.3216885076,0.1384497791,0.2354881602,5.26478934504932E-06,1.2196557812,1.1642542439,4.7317529133,0.2291034721,2.068266287,186.9966091971,420.2192890105,4.7976042504,38.731875917
13,0.7474171918,0.0436879369,0.0078477162,85.8791214562,0.0430646017,0.0134338573,1.38525598981545E-07,0.0216667368,0.1997906031,3.2547957044,0.0584437236,5.1986644117,1.8148676346,417.7024710359,4.1000090922,14.5362838296
12,0.0269771782,0.0171116915,0.0136725203,100.8769189394,0.6770561187,0.2374571624,0.000003161,0.8209188557,0.9716118237,0.4435052477,0.9702166828,3.350183412,3.740935588,420.1204785953,4.8854262422,54.7262459204
15,0.2161347997,0.0014861759,0.0015546401,79.8553967011,0.7590529677,0.6708137313,0.003956767,7.3766155917,0.7810135261,1.3704268413,1.1195808794,3.9819173024,5.6029996805,414.5964907618,5.0049257082,48.8798719839
1020,0.0338914581,0.6051354894,0.2508675225,71.2039902555,1.7489179075,0.0533385662,1.35511141388925E-07,0.0676752624,0.1103525871,2.5969607577,0.0926023817,3.1254760202,2.6295878696,405.3569148821,4.3657954566,17.4588743888
392,0.0256530635,0.7234392087,0.4068407529,68.4381381651,0.0434529958,0.0817308641,0.000897413,0.043467005,0.0091715404,1.3086081,0.0987515716,6.5679814366,1.1733861825,405.9824079362,4.5982647201,13.9995173262
19,0.0234170763,0.02079161,0.0058704685,50.4719865334,0.232560441,0.6858240324,0.0029950855,2.4761483447,0.8908715645,0.9264593064,0.0489566115,2.6953845357,198.0301385095,414.0595765379,5.589243884,80.4625268863
18,0.1623560453,0.1038142057,0.0072514043,71.2752437524,0.4672022877,0.017863769,2.30886273541037E-05,0.0151637428,0.0755425833,0.2356831699,0.0133010042,6.065782702,1.7781170137,417.792665709,4.4695986137,56.9141440918
1182,0.0194260562,0.0182699592,0.0097519233,103.8450251051,0.9251442768,0.0986918316,1.31648105843305E-11,0.2815623018,1.1538678983,0.0586112314,0.9565271766,7.1280892689,80.6793906331,419.4601355805,4.4055098211,21.877775855
1028,0.1540443645,0.3939653099,0.4290728886,44.1826614894,0.7133157129,3.11857888626889E-06,2.68828040131816E-05,0.013505812,9.56658790686048E-07,0.0317156896,0.0388661145,9.9997871788,192.9192108301,405.3047420989,4.4725042232,19.9997024476
1180,0.0556471291,0.0251078026,0.0306577448,86.0096931346,0.024095073,0.0239530065,8.63860156571325E-09,0.0609580568,2.0828111265,4.0477070391,0.0655956799,2.3915928048,3.5076393898,424.4834309966,4.5601739828,51.9146681962
1114,0.0327513229,0.0253625818,0.0029581836,104.8747852604,1.1441252317,0.26293069,0.0002625797,0.6018472349,0.7630164165,0.9759174201,0.0336193467,2.8591169872,6.5695237492,419.1365542184,4.6761894253,53.1682317458
721,1.6375668439,0.0253731461,0.0022804397,100.0649302985,0.0503548726,0.0753618439,5.76398664270147E-08,0.0643305179,0.7468646806,4.9391089891,0.0209323643,1.6235886616,6.9312626387,421.9692687213,4.6543447101,93.0173264928
938,0.022334343,1.5881726786,0.5001281665,74.9834061926,0.0172647002,0.0722639531,0.000063819,0.1062195971,0.0801887977,2.9083166207,0.0274835028,2.9097614104,2.2886608903,414.6892449339,5.1686522206,84.6805637915
622,0.0120277969,0.5886086264,1.8743234119,39.740085472,0.1235275395,0.3255597708,0.0074723768,2.9773693368,0.4879635454,4.0706541907,1.2774726848,1.300890337,196.973853184,410.8519664587,4.9592954244,33.0862801629
151,0.0110946582,0.1019783091,0.0383751076,80.8646511129,0.0383788219,0.1343761472,0.000000576,0.460614897,1.6200720943,4.9927935173,0.0685811845,1.4538202573,14.4076247155,415.1062318672,4.5661662412,77.1006981563
154,0.0331811578,0.0179006077,0.0128505066,44.191331833,0.0021443004,0.464578518,2.71475608413768E-05,1.2866463478,0.4944097694,4.9901584972,0.10188993,2.1088881703,19.4071129697,414.298661034,4.6569293797,32.2516018668
603,0.1288767492,0.034740269,0.014855875,66.5316352515,0.0351660204,0.0024406623,9.00155756407945E-05,0.0581622205,0.4833728384,2.6171524162,0.2800929059,9.7056533902,1.4154175916,417.4515840548,5.4602463551,20.9999077112
1205,0.0450415534,0.0323838604,0.023649229,38.0223546831,1.5037246455,0.8267619103,0.0023069435,1.6279219864,0.3429678314,0.4295297111,0.0055931036,6.278354841,4.2597432195,422.1461993965,4.3000437179,27.3935352211
158,0.0463434531,0.0467852764,0.0196152278,49.3096412651,1.4867397621,1.98952613608611E-05,0.0001398407,0.0398609492,0.0012156287,3.9606363976,0.2637220599,4.1318155521,1.6682426194,410.6135213291,4.2993724974,23.4953836023
112,0.0388692007,0.0102409423,0.0260881307,81.9666751637,0.0410991322,0.0355837235,0.000363485,0.2169487858,0.6500887979,4.9759324362,0.043478008,6.5865707855,1.4643471033,417.1345892567,4.7017228374,16.2112994509
1168,0.0584924577,1.4257502528,1.951448251,48.9475554996,0.0417946769,0.0607108657,6.10075910091443E-13,0.0788000722,0.4853004618,1.4276953671,0.626674714,5.5642492918,1.9158517817,405.7618491404,4.4723016926,20.6652901998
608,0.0508566741,0.0231135235,0.0269515362,88.0515001978,0.0222061716,0.0064813,6.49776473298607E-05,0.0647540846,1.8008074599,3.278806917,0.0026892853,4.0762852406,13.1946285938,416.0232974338,5.3166583566,14.1224603067
1211,0.0205249816,0.1703238991,0.0710559537,82.9699148557,0.9802184201,0.4996899882,0.0007888617,1.2200327453,0.3365455961,2.0451442171,0.1131280474,4.2352289824,1.5852378754,409.1057591531,4.7887176844,51.3583212898
1362,0.0107002089,0.6402040613,0.5686223346,50.4292635694,0.3515471029,0.000032934,0.0005038271,0.6382062705,1.3307051041,4.0071625685,0.2013084498,2.4471860775,6.6893724084,419.5119425665,4.9266497196,22.0795879171
398,0.0138289474,0.0599088482,0.0590430072,108.9659967525,1.6619226301,0.0156472149,2.93171276495008E-05,0.0640151189,0.3367805064,0.1313936833,0.0132813854,9.8527496925,89.9070876381,405.9999721095,5.1071586426,27.1534241149
143,0.0358301117,0.0659138411,0.0107554849,74.6193676556,0.5086386538,2.26773965973491E-05,6.37185131624569E-05,0.0262180616,0.0039016644,4.9924188547,0.4179033325,4.9412222946,1.8894218674,415.6020291357,4.6305319575,15.3840444013
48,0.0350819661,0.0339317338,0.0006546726,119.066334287,0.0013640158,2.3750562561514E-05,7.2671085745317E-05,0.0276890245,0.0026649714,4.9494690415,0.0475494208,2.472111193,2.664027759,414.5807207695,4.8816187874,27.0030978892
44,0.0432925866,0.0195626864,0.0238240931,89.5119633387,0.0268852789,1.83208711611061E-05,3.88121991441845E-05,0.0417341728,0.5264924049,3.9383790179,0.0302546015,2.5982337313,2.8364714961,421.7341925996,4.5991624962,49.0008290829
45,0.0800843229,0.020170041,0.0646440828,40.1508568739,0.0505011287,0.0804754894,0.0001594908,0.1981906961,0.711340244,1.0218421387,0.0270095518,3.4450588732,6.5565281536,423.3438449911,4.699835022,13.3030777647
40,0.0391741807,0.0166220525,0.0363042029,75.3665520091,0.0727822886,0.0066270204,0.009410275,5.8413299075,0.0009118846,4.1325457466,1.9662063181,1.8810867999,199.2119354712,407.5584349886,4.3759864963,13.4852634018
87,0.0352553793,0.0632011162,0.0338365748,31.8574647589,0.7348679057,0.9551733466,0.0002174597,1.8315169503,1.9985833188,4.2999172162,0.0454655414,1.2308162941,16.9933000548,420.2749192556,4.774989649,19.5223782908
320,0.1355437837,0.0854363085,0.058961058,75.0583094023,0.3287325458,0.0102089009,1.61799798497163E-07,0.0173334797,1.8821032245,3.9776016873,0.0272010886,1.5245033154,126.7239780846,415.3207178577,5.1107985497,28.0525958589
327,0.0413078607,0.0345750443,0.027179978,99.7894026159,1.531216832,0.0329390058,5.06384882884403E-11,0.0978946552,2.138472211,0.2205460252,0.1305849437,4.1354673974,3.7494211312,412.3423816702,4.4285761203,30.9531882893
324,0.0297955546,0.0195544983,6.32875472831566E-05,119.9198648337,0.453620758,0.0758201588,2.20614936955538E-08,0.1763607179,2.2724140463,0.0667808655,0.0616926739,4.4197694076,195.609111961,414.3609892168,4.1827606489,17.8461494608
1116,0.0210799233,0.0190986476,0.0011614518,119.0993700514,0.3763504136,0.6705024464,0.0005198748,1.2086478282,0.8051929924,2.0535270325,0.5467838514,3.5416367786,4.8812851307,421.5874764608,5.0853205933,19.8791494611
1119,0.1230650436,0.1680710013,0.0705334645,56.1538410455,0.107584394,0.0032669834,4.44625689609714E-10,0.0018835273,0.294645563,1.5201504614,0.0200338379,2.2681343702,22.0546734117,415.826551657,4.4643088476,31.7419441703
328,0.0476742697,0.2786421878,0.2821782904,73.5653905357,0.0320091636,0.0173895359,0.000000014,0.0299236346,0.1144621917,4.9972365085,0.0574047814,1.4393729548,5.7702637099,414.9949297514,4.6983190167,60.6500844571
1291,0.0170138008,0.4453691106,0.2127320057,93.0353666366,0.0124678608,0.0112638849,1.65604200501675E-07,0.0303917167,1.6919620622,0.8604341528,0.0282206133,5.9939842123,1.7518247717,414.9924043819,4.7523594362,44.4915425629
1297,0.0353470639,0.0219344888,0.0146012982,74.0001374465,0.0344342839,0.0093626402,7.80118322851189E-05,0.0661557809,0.215058792,4.9232274657,0.1442446841,2.6454433466,2.2630995838,416.1466569911,4.4754868888,50.4028886609
209,0.0853777977,0.1480555547,0.081704441,93.9056991733,1.064233923,0.0244354685,5.34325927574435E-05,0.0049404825,0.0058042324,4.9999359444,0.0029970112,3.163915124,2.7686615293,405.4088886249,4.6760990557,59.931654105
208,0.0527805979,0.0090963177,0.0083814198,54.3055177117,1.520985747,0.1132301386,0.0011263642,1.0427327243,0.1051005955,3.086332253,0.0432544733,2.3943969504,118.9833577124,423.0482146258,3.9032127708,19.0446237973
76,0.0085184861,0.9811498772,0.5530607676,47.3574771535,0.7409872289,0.0670453882,1.06675898447603E-07,0.2652655562,2.0795461683,3.2903405928,0.0258847574,2.3719158628,8.2594417974,405.7821859889,4.8003118143,34.9955735482
483,0.0295660887,0.0228698767,0.0096699534,91.0332677523,0.2338986287,0.8912565786,0.0023527498,1.2008005966,0.6582720269,2.3240318026,0.0308392119,2.7862719285,199.6166322743,415.2117158414,4.2923244913,15.8543974966
481,0.0186447003,0.0418683087,6.63753856263609E-05,46.1890840488,1.1407748234,1.2690012053,0.0036946066,4.67672162,0.9927598341,4.093521978,0.0828601718,4.6848312901,2.0813275954,415.8831028352,4.9911649043,13.7617080992
1043,0.0359635692,0.0261514703,0.0086314042,76.8004812111,0.0190173637,0.6395592037,2.71953335260423E-06,1.317359751,0.9173707362,4.9569547214,0.0647983742,2.305980925,6.4991989374,414.2659406191,4.9500298533,22.1418772267
1045,0.0192450973,0.1270036375,0.0439055483,85.3529233601,1.4147817125,0.6620185818,8.58441234155385E-05,1.2948874524,0.5850432036,1.5675446607,1.9958086147,3.3437835437,1.623506189,415.1140010901,4.7236997545,74.1969942564
1044,0.0442457128,0.0750234774,0.1166989165,35.4747079464,1.5260380927,1.3733850201,2.52081503480736E-06,0.8882338699,0.125586874,2.041619511,0.0239743691,1.9806770033,31.6953833062,423.9549019411,4.5723145574,19.7121996281
1049,0.03486529,0.0288669228,0.0135828207,74.0000637701,0.065588652,0.0133899507,6.1552597914049E-05,0.0410758101,7.33822590743829E-06,4.9999785645,0.0675719911,2.4085804198,2.484660934,416.1122724611,4.3963039536,58.9658425064
291,0.1097505701,0.2378575744,0.1481151697,71.5729868864,0.0430105727,0.0009735583,0.0001742705,0.0319896997,0.6555939212,4.0922371428,0.0218820306,2.0583187898,6.6551054753,408.0570055685,4.5554510299,14.0430255861
472,0.0372984877,0.0336413197,0.0075699512,94.6709035761,0.0675583719,0.2275202797,0.0002826612,0.1596079496,0.0147898753,4.3997799689,0.035922089,2.8014047031,3.1925287449,416.254778434,4.3954366093,13.7964683497
471,0.0429732687,0.0259036813,0.0171787322,91.7906034687,0.5939321647,0.071334748,1.17147035294913E-07,0.1836921585,1.9199791976,2.2314065959,0.0603494845,2.6552079663,4.318787296,410.2250902009,5.0999034037,43.8599962633
476,0.034403935,0.2564454359,0.1481703927,81.5545300433,0.6445686428,0.0343314095,6.72928162447185E-06,0.0243394873,0.0347829941,3.40335142576094E-06,0.0168860766,9.9999175024,4.4893764259,418.7765777793,4.0020906963,14.6994706208
475,0.0574932455,0.0168350741,0.058520669,80.846401254,0.0042085906,0.0228816693,5.35933589320961E-05,0.0905190947,0.016970099,4.9832373336,0.002643658,3.916777984,27.9782828875,416.6613423379,4.7007232521,14.6832811527
376,0.0365414967,0.0220187157,0.0147080541,56.8712593932,1.7462527665,1.0990782728,0.0025810481,5.5878182017,0.7083173438,1.4048884105,0.2133922539,2.8693587055,2.7985389907,414.845003094,5.0488679994,58.6205018897
